Year,"Country / territory of asylum/residence",Origin,"Refugees","Returned refugees","Internally displaced persons (IDPs)","Returned IDPs","Stateless persons"
1951,Australia,Various/Unknown,180000,,,,
1965,Australia,Various/Unknown,40000,,,,
1966,Australia,Various/Unknown,40000,,,,
1967,Australia,Various/Unknown,44000,,,,
1968,Australia,Various/Unknown,43000,,,,
1969,Australia,Various/Unknown,42000,,,,
1970,Australia,Various/Unknown,42000,,,,
1978,Australia,Various/Unknown,304000,,,,
1979,Australia,Various/Unknown,304000,,,,
1980,Australia,Various/Unknown,304000,,,,
1981,Australia,"Lao People's Dem. Rep.",,2,,,
1981,Australia,Various/Unknown,317000,,,,
1982,Australia,Various/Unknown,317000,,,,
1983,Australia,Various/Unknown,317000,,,,
1984,Australia,Various/Unknown,89000,,,,
1985,Australia,Various/Unknown,89000,,,,
1986,Australia,Various/Unknown,85900,,,,
1987,Australia,Various/Unknown,87600,,,,
1988,Australia,Various/Unknown,90970,,,,
1989,Australia,Various/Unknown,97915,,,,
1990,Australia,Various/Unknown,97915,,,,
1991,Australia,Various/Unknown,53117,,,,
1992,Australia,Various/Unknown,52604,,,,
1993,Australia,Chile,,89,,,
1993,Australia,Ethiopia,,54,,,
1993,Australia,"Sri Lanka",,9,,,
1993,Australia,"El Salvador",,48,,,
1993,Australia,Various/Unknown,53505,,,,
1994,Australia,Chile,,58,,,
1994,Australia,Lesotho,,1,,,
1994,Australia,"El Salvador",,9,,,
1994,Australia,Various/Unknown,57575,,,,
1994,Australia,"South Africa",,5,,,
1995,Australia,Chile,,42,,,
1995,Australia,Malawi,,1,,,
1995,Australia,"El Salvador",,7,,,
1995,Australia,Various/Unknown,62145,,,,
1995,Australia,"South Africa",,1,,,
1996,Australia,Afghanistan,2199,,,,
1996,Australia,Albania,42,,,,
1996,Australia,Armenia,50,,,,
1996,Australia,Austria,4,,,,
1996,Australia,Azerbaijan,12,,,,
1996,Australia,Bangladesh,18,,,,
1996,Australia,Bulgaria,1,,,,
1996,Australia,"Bosnia and Herzegovina",3502,54,,,
1996,Australia,Belarus,51,,,,
1996,Australia,Brazil,11,,,,
1996,Australia,Chile,6,,,,
1996,Australia,China,539,,,,
1996,Australia,"Dem. Rep. of the Congo",23,,,,
1996,Australia,Colombia,13,,,,
1996,Australia,Comoros,1,,,,
1996,Australia,"Costa Rica",1,,,,
1996,Australia,Cuba,1,,,,
1996,Australia,Cyprus,1,,,,
1996,Australia,"Czech Rep.",2,,,,
1996,Australia,Germany,18,,,,
1996,Australia,Djibouti,5,,,,
1996,Australia,Algeria,23,,,,
1996,Australia,Ecuador,1,,,,
1996,Australia,Egypt,161,,,,
1996,Australia,Eritrea,518,,,,
1996,Australia,Estonia,2,,,,
1996,Australia,Ethiopia,1816,,,,
1996,Australia,Fiji,5,,,,
1996,Australia,France,3,,,,
1996,Australia,Georgia,8,,,,
1996,Australia,Ghana,7,,,,
1996,Australia,Guinea,1,,,,
1996,Australia,Greece,5,,,,
1996,Australia,Guatemala,14,,,,
1996,Australia,Honduras,8,,,,
1996,Australia,Croatia,1076,,,,
1996,Australia,Hungary,1,,,,
1996,Australia,Indonesia,991,,,,
1996,Australia,India,82,,,,
1996,Australia,"Iran (Islamic Rep. of)",1763,,,,
1996,Australia,Iraq,9724,,,,
1996,Australia,Israel,147,,,,
1996,Australia,Jordan,10,,,,
1996,Australia,Kazakhstan,14,,,,
1996,Australia,Kenya,21,,,,
1996,Australia,Kyrgyzstan,1,,,,
1996,Australia,Cambodia,1857,,,,
1996,Australia,"Rep. of Korea",7,,,,
1996,Australia,Kuwait,41,,,,
1996,Australia,"Lao People's Dem. Rep.",291,,,,
1996,Australia,Lebanon,78,,,,
1996,Australia,Liberia,5,,,,
1996,Australia,"Sri Lanka",1177,,,,
1996,Australia,Lithuania,6,,,,
1996,Australia,Latvia,11,,,,
1996,Australia,Morocco,3,,,,
1996,Australia,"Rep. of Moldova",60,,,,
1996,Australia,"The former Yugoslav Republic of Macedonia",10,,,,
1996,Australia,Myanmar,1612,,,,
1996,Australia,Malawi,1,,,,
1996,Australia,Malaysia,18,,,,
1996,Australia,Nigeria,4,,,,
1996,Australia,Nicaragua,21,,,,
1996,Australia,Nepal,6,,,,
1996,Australia,Oman,1,,,,
1996,Australia,Pakistan,129,,,,
1996,Australia,Peru,75,,,,
1996,Australia,Philippines,21,,,,
1996,Australia,"Papua New Guinea",2,,,,
1996,Australia,Poland,11,,,,
1996,Australia,"Dem. People's Rep. of Korea",1,,,,
1996,Australia,Portugal,9,,,,
1996,Australia,Palestinian,25,,,,
1996,Australia,Qatar,1,,,,
1996,Australia,Romania,28,,,,
1996,Australia,"Russian Federation",3693,,,,
1996,Australia,Rwanda,16,,,,
1996,Australia,"Saudi Arabia",3,,,,
1996,Australia,Sudan,1270,,,,
1996,Australia,Singapore,10,,,,
1996,Australia,"El Salvador",1113,,,,
1996,Australia,Somalia,1495,,,,
1996,Australia,"Serbia and Kosovo (S/RES/1244 (1999))",18452,,,,
1996,Australia,"Sao Tome and Principe",4,,,,
1996,Australia,Slovenia,10,,,,
1996,Australia,"Syrian Arab Rep.",18,,,,
1996,Australia,Togo,1,,,,
1996,Australia,Thailand,15,,,,
1996,Australia,Tajikistan,8,,,,
1996,Australia,Tonga,3,,,,
1996,Australia,Tunisia,2,,,,
1996,Australia,Turkey,216,,,,
1996,Australia,"United Rep. of Tanzania",7,,,,
1996,Australia,Uganda,74,,,,
1996,Australia,Ukraine,559,,,,
1996,Australia,Uzbekistan,60,,,,
1996,Australia,"Viet Nam",8121,,,,
1996,Australia,Stateless,33,,,,
1996,Australia,Various/Unknown,3713,,,,
1996,Australia,Yemen,1,,,,
1996,Australia,"South Africa",2,,,,
1996,Australia,Zimbabwe,1,,,,
1997,Australia,Afghanistan,2237,,,,
1997,Australia,Angola,2,,,,
1997,Australia,Albania,8,,,,
1997,Australia,"United Arab Emirates",2,,,,
1997,Australia,Armenia,25,,,,
1997,Australia,Austria,12,,,,
1997,Australia,Azerbaijan,4,,,,
1997,Australia,Bangladesh,25,,,,
1997,Australia,Bulgaria,7,,,,
1997,Australia,Bahrain,1,,,,
1997,Australia,"Bosnia and Herzegovina",4672,,,,
1997,Australia,Belarus,15,,,,
1997,Australia,Brazil,16,,,,
1997,Australia,Chile,7,,,,
1997,Australia,China,617,,,,
1997,Australia,"Dem. Rep. of the Congo",19,,,,
1997,Australia,Colombia,37,,,,
1997,Australia,Comoros,1,,,,
1997,Australia,Cuba,1,,,,
1997,Australia,Cyprus,1,,,,
1997,Australia,"Czech Rep.",8,,,,
1997,Australia,Germany,27,,,,
1997,Australia,Djibouti,5,,,,
1997,Australia,Algeria,107,,,,
1997,Australia,Ecuador,3,,,,
1997,Australia,Egypt,168,,,,
1997,Australia,Eritrea,614,,,,
1997,Australia,Estonia,5,,,,
1997,Australia,Ethiopia,1481,,,,
1997,Australia,Fiji,7,,,,
1997,Australia,France,8,,,,
1997,Australia,Georgia,8,,,,
1997,Australia,Ghana,9,,,,
1997,Australia,Guinea,1,,,,
1997,Australia,Greece,5,,,,
1997,Australia,Guatemala,10,,,,
1997,Australia,Honduras,5,,,,
1997,Australia,Croatia,1609,,,,
1997,Australia,Hungary,1,,,,
1997,Australia,Indonesia,402,,,,
1997,Australia,India,93,,,,
1997,Australia,"Iran (Islamic Rep. of)",1970,,,,
1997,Australia,Iraq,9009,,,,
1997,Australia,Israel,24,,,,
1997,Australia,Jordan,19,,,,
1997,Australia,Japan,1,,,,
1997,Australia,Kazakhstan,28,,,,
1997,Australia,Kenya,22,,,,
1997,Australia,Kyrgyzstan,1,,,,
1997,Australia,Cambodia,1964,,,,
1997,Australia,"Rep. of Korea",11,,,,
1997,Australia,Kuwait,77,,,,
1997,Australia,"Lao People's Dem. Rep.",239,,,,
1997,Australia,Lebanon,84,,,,
1997,Australia,Liberia,6,,,,
1997,Australia,"Sri Lanka",1742,,,,
1997,Australia,Lithuania,7,,,,
1997,Australia,Latvia,7,,,,
1997,Australia,Morocco,5,,,,
1997,Australia,"Rep. of Moldova",23,,,,
1997,Australia,Mexico,2,,,,
1997,Australia,"The former Yugoslav Republic of Macedonia",23,,,,
1997,Australia,Myanmar,1760,,,,
1997,Australia,Malaysia,4,,,,
1997,Australia,Niger,7,,,,
1997,Australia,Nigeria,7,,,,
1997,Australia,Nicaragua,15,,,,
1997,Australia,Nepal,9,,,,
1997,Australia,Oman,1,,,,
1997,Australia,Pakistan,244,,,,
1997,Australia,Peru,83,,,,
1997,Australia,Philippines,15,,,,
1997,Australia,"Papua New Guinea",2,,,,
1997,Australia,Poland,9,,,,
1997,Australia,"Dem. People's Rep. of Korea",1,,,,
1997,Australia,Portugal,9,,,,
1997,Australia,Palestinian,25,,,,
1997,Australia,Qatar,1,,,,
1997,Australia,Romania,16,,,,
1997,Australia,"Russian Federation",2719,,,,
1997,Australia,Rwanda,17,,,,
1997,Australia,"Saudi Arabia",3,,,,
1997,Australia,Sudan,1669,,,,
1997,Australia,Senegal,1,,,,
1997,Australia,Singapore,10,,,,
1997,Australia,"Sierra Leone",6,,,,
1997,Australia,"El Salvador",681,,,,
1997,Australia,Somalia,1828,,,,
1997,Australia,"Serbia and Kosovo (S/RES/1244 (1999))",18362,,,,
1997,Australia,Slovenia,16,,,,
1997,Australia,"Syrian Arab Rep.",26,,,,
1997,Australia,Chad,1,,,,
1997,Australia,Togo,1,,,,
1997,Australia,Thailand,8,,,,
1997,Australia,Tajikistan,5,,,,
1997,Australia,Tonga,3,,,,
1997,Australia,Tunisia,3,,,,
1997,Australia,Turkey,299,,,,
1997,Australia,"United Rep. of Tanzania",7,,,,
1997,Australia,Uganda,26,,,,
1997,Australia,Ukraine,266,,,,
1997,Australia,Uruguay,1,,,,
1997,Australia,Uzbekistan,30,,,,
1997,Australia,"Viet Nam",7064,,,,
1997,Australia,Samoa,1,,,,
1997,Australia,Stateless,56,,,,
1997,Australia,Various/Unknown,3204,,,,
1997,Australia,Yemen,1,,,,
1997,Australia,"South Africa",2,,,,
1997,Australia,Zimbabwe,1,,,,
1998,Australia,Afghanistan,2428,,,,
1998,Australia,Angola,4,,,,
1998,Australia,Albania,31,,,,
1998,Australia,"United Arab Emirates",2,,,,
1998,Australia,Armenia,11,,,,
1998,Australia,Austria,12,,,,
1998,Australia,Burundi,2,,,,
1998,Australia,Bangladesh,104,,,,
1998,Australia,Bulgaria,19,,,,
1998,Australia,Bahrain,1,,,,
1998,Australia,"Bosnia and Herzegovina",6642,1,,,
1998,Australia,Belarus,3,,,,
1998,Australia,Brazil,19,,,,
1998,Australia,Chile,7,,,,
1998,Australia,China,682,,,,
1998,Australia,"Dem. Rep. of the Congo",17,,,,
1998,Australia,Colombia,94,,,,
1998,Australia,Comoros,1,,,,
1998,Australia,Cuba,1,,,,
1998,Australia,Cyprus,1,,,,
1998,Australia,"Czech Rep.",7,,,,
1998,Australia,Germany,31,,,,
1998,Australia,Algeria,231,,,,
1998,Australia,Ecuador,254,,,,
1998,Australia,Egypt,221,,,,
1998,Australia,Eritrea,778,,,,
1998,Australia,Estonia,6,,,,
1998,Australia,Ethiopia,1158,,,,
1998,Australia,Fiji,21,,,,
1998,Australia,France,8,,,,
1998,Australia,Georgia,2,,,,
1998,Australia,Ghana,13,,,,
1998,Australia,Guinea,1,,,,
1998,Australia,Greece,5,,,,
1998,Australia,Guatemala,5,,,,
1998,Australia,Honduras,5,,,,
1998,Australia,Croatia,3077,,,,
1998,Australia,Hungary,1,,,,
1998,Australia,Indonesia,394,,,,
1998,Australia,India,121,,,,
1998,Australia,"Iran (Islamic Rep. of)",2399,,,,
1998,Australia,Iraq,9821,,,,
1998,Australia,Israel,14,,,,
1998,Australia,Jordan,62,,,,
1998,Australia,Japan,1,,,,
1998,Australia,Kazakhstan,21,,,,
1998,Australia,Kenya,87,,,,
1998,Australia,Kyrgyzstan,1,,,,
1998,Australia,Cambodia,1942,,,,
1998,Australia,"Rep. of Korea",23,,,,
1998,Australia,Kuwait,197,,,,
1998,Australia,"Lao People's Dem. Rep.",177,,,,
1998,Australia,Lebanon,380,,,,
1998,Australia,Liberia,6,,,,
1998,Australia,Libya,1,,,,
1998,Australia,"Sri Lanka",2057,,,,
1998,Australia,Lithuania,2,,,,
1998,Australia,Latvia,4,,,,
1998,Australia,Morocco,5,,,,
1998,Australia,"Rep. of Moldova",3,,,,
1998,Australia,Mexico,2,,,,
1998,Australia,"The former Yugoslav Republic of Macedonia",25,,,,
1998,Australia,Myanmar,1712,,,,
1998,Australia,Malaysia,2,,,,
1998,Australia,Niger,7,,,,
1998,Australia,Nigeria,20,,,,
1998,Australia,Nicaragua,15,,,,
1998,Australia,Nepal,21,,,,
1998,Australia,Oman,1,,,,
1998,Australia,Pakistan,437,,,,
1998,Australia,Peru,89,,,,
1998,Australia,Philippines,41,,,,
1998,Australia,"Papua New Guinea",2,,,,
1998,Australia,Poland,4,,,,
1998,Australia,"Dem. People's Rep. of Korea",2,,,,
1998,Australia,Portugal,5,,,,
1998,Australia,Palestinian,18,,,,
1998,Australia,Qatar,1,,,,
1998,Australia,Romania,17,,,,
1998,Australia,"Russian Federation",2211,,,,
1998,Australia,Rwanda,10,,,,
1998,Australia,"Saudi Arabia",3,,,,
1998,Australia,Sudan,2041,,,,
1998,Australia,Senegal,1,,,,
1998,Australia,Singapore,5,,,,
1998,Australia,"Sierra Leone",9,,,,
1998,Australia,"El Salvador",529,,,,
1998,Australia,Somalia,2384,,,,
1998,Australia,"Serbia and Kosovo (S/RES/1244 (1999))",18020,,,,
1998,Australia,Slovenia,20,,,,
1998,Australia,"Syrian Arab Rep.",34,,,,
1998,Australia,Chad,2,,,,
1998,Australia,Togo,1,,,,
1998,Australia,Thailand,29,,,,
1998,Australia,Tonga,2,,,,
1998,Australia,Tunisia,3,,,,
1998,Australia,Turkey,403,,,,
1998,Australia,"United Rep. of Tanzania",10,,,,
1998,Australia,Uganda,12,,,,
1998,Australia,Ukraine,23,,,,
1998,Australia,Uruguay,1,,,,
1998,Australia,Uzbekistan,2,,,,
1998,Australia,"Viet Nam",4705,,,,
1998,Australia,Samoa,1,,,,
1998,Australia,Stateless,53,,,,
1998,Australia,Various/Unknown,3182,,,,
1998,Australia,Yemen,2,,,,
1998,Australia,"South Africa",2,,,,
1998,Australia,Zimbabwe,1,,,,
1999,Australia,Afghanistan,3115,,,,
1999,Australia,Angola,9,,,,
1999,Australia,Albania,50,,,,
1999,Australia,"United Arab Emirates",2,,,,
1999,Australia,Armenia,11,,,,
1999,Australia,Australia,1,,,,
1999,Australia,Austria,15,,,,
1999,Australia,Burundi,2,,,,
1999,Australia,Belgium,2,,,,
1999,Australia,Bangladesh,106,,,,
1999,Australia,Bulgaria,22,,,,
1999,Australia,Bahrain,2,,,,
1999,Australia,"Bosnia and Herzegovina",6791,1,,,
1999,Australia,Belarus,5,,,,
1999,Australia,Brazil,17,,,,
1999,Australia,Bhutan,1,,,,
1999,Australia,Chile,8,,,,
1999,Australia,China,568,,,,
1999,Australia,Cameroon,2,,,,
1999,Australia,"Dem. Rep. of the Congo",18,,,,
1999,Australia,Congo,1,,,,
1999,Australia,Colombia,137,,,,
1999,Australia,Cuba,1,,,,
1999,Australia,Cyprus,1,,,,
1999,Australia,"Czech Rep.",7,,,,
1999,Australia,Germany,32,,,,
1999,Australia,Djibouti,5,,,,
1999,Australia,Algeria,300,,,,
1999,Australia,Ecuador,260,,,,
1999,Australia,Egypt,223,,,,
1999,Australia,Eritrea,716,,,,
1999,Australia,Estonia,6,,,,
1999,Australia,Ethiopia,958,,,,
1999,Australia,Fiji,19,,,,
1999,Australia,France,9,,,,
1999,Australia,Georgia,7,,,,
1999,Australia,Ghana,11,,,,
1999,Australia,Guinea,1,,,,
1999,Australia,Greece,5,,,,
1999,Australia,Guatemala,4,,,,
1999,Australia,Honduras,5,,,,
1999,Australia,Croatia,3704,,,,
1999,Australia,Hungary,1,,,,
1999,Australia,Indonesia,339,,,,
1999,Australia,India,129,,,,
1999,Australia,"Iran (Islamic Rep. of)",2679,,,,
1999,Australia,Iraq,10364,,,,
1999,Australia,Israel,13,,,,
1999,Australia,Jordan,61,,,,
1999,Australia,Japan,2,,,,
1999,Australia,Kazakhstan,28,,,,
1999,Australia,Kenya,82,,,,
1999,Australia,Kyrgyzstan,1,,,,
1999,Australia,Cambodia,1224,,,,
1999,Australia,"Rep. of Korea",24,,,,
1999,Australia,Kuwait,408,,,,
1999,Australia,"Lao People's Dem. Rep.",96,,,,
1999,Australia,Lebanon,414,,,,
1999,Australia,Liberia,7,,,,
1999,Australia,Libya,1,,,,
1999,Australia,"Sri Lanka",2226,,,,
1999,Australia,Lithuania,2,,,,
1999,Australia,Latvia,1,,,,
1999,Australia,Morocco,4,,,,
1999,Australia,"Rep. of Moldova",3,,,,
1999,Australia,Maldives,1,,,,
1999,Australia,Mexico,6,,,,
1999,Australia,"The former Yugoslav Republic of Macedonia",21,,,,
1999,Australia,Myanmar,1275,,,,
1999,Australia,Mauritania,1,,,,
1999,Australia,Malaysia,6,,,,
1999,Australia,Niger,8,,,,
1999,Australia,Nigeria,22,,,,
1999,Australia,Nicaragua,14,,,,
1999,Australia,Nepal,26,,,,
1999,Australia,Oman,1,,,,
1999,Australia,Pakistan,521,,,,
1999,Australia,Peru,81,,,,
1999,Australia,Philippines,40,,,,
1999,Australia,"Papua New Guinea",1,,,,
1999,Australia,Poland,1,,,,
1999,Australia,"Dem. People's Rep. of Korea",2,,,,
1999,Australia,Portugal,4,,,,
1999,Australia,Palestinian,44,,,,
1999,Australia,Qatar,1,,,,
1999,Australia,Romania,16,,,,
1999,Australia,"Russian Federation",1193,,,,
1999,Australia,Rwanda,13,,,,
1999,Australia,"Saudi Arabia",3,,,,
1999,Australia,Sudan,2420,,,,
1999,Australia,Senegal,1,,,,
1999,Australia,Singapore,5,,,,
1999,Australia,"Sierra Leone",37,,,,
1999,Australia,"El Salvador",405,,,,
1999,Australia,Somalia,2396,,,,
1999,Australia,"Serbia and Kosovo (S/RES/1244 (1999))",15574,3449,,,
1999,Australia,Slovenia,15,,,,
1999,Australia,"Syrian Arab Rep.",39,,,,
1999,Australia,Chad,2,,,,
1999,Australia,Togo,1,,,,
1999,Australia,Thailand,34,,,,
1999,Australia,Tonga,2,,,,
1999,Australia,Tunisia,1,,,,
1999,Australia,Turkey,603,,,,
1999,Australia,"United Rep. of Tanzania",9,,,,
1999,Australia,Uganda,11,,,,
1999,Australia,Ukraine,13,,,,
1999,Australia,Uruguay,1,,,,
1999,Australia,"United States of America",1,,,,
1999,Australia,Uzbekistan,1,,,,
1999,Australia,"Viet Nam",2442,,,,
1999,Australia,Samoa,1,,,,
1999,Australia,Stateless,86,,,,
1999,Australia,Various/Unknown,2229,,,,
1999,Australia,Yemen,17,,,,
1999,Australia,"South Africa",1,,,,
1999,Australia,Zimbabwe,2,,,,
2000,Australia,Afghanistan,4358,,,,
2000,Australia,Angola,11,,,,
2000,Australia,Albania,63,,,,
2000,Australia,"United Arab Emirates",4,,,,
2000,Australia,Argentina,,,,,
2000,Australia,Armenia,5,,,,
2000,Australia,Australia,1,,,,
2000,Australia,Austria,14,,,,
2000,Australia,Azerbaijan,1,,,,
2000,Australia,Burundi,8,,,,
2000,Australia,Belgium,2,,,,
2000,Australia,Bangladesh,114,,,,
2000,Australia,Bulgaria,24,,,,
2000,Australia,Bahrain,5,,,,
2000,Australia,"Bosnia and Herzegovina",6269,18,,,
2000,Australia,Belarus,5,,,,
2000,Australia,"Bolivia (Plurinational State of)",,,,,
2000,Australia,Brazil,15,,,,
2000,Australia,Bhutan,2,,,,
2000,Australia,Canada,2,,,,
2000,Australia,Chile,7,,,,
2000,Australia,China,475,,,,
2000,Australia,Cameroon,2,,,,
2000,Australia,"Dem. Rep. of the Congo",14,,,,
2000,Australia,Congo,7,,,,
2000,Australia,Colombia,185,,,,
2000,Australia,Cuba,,,,,
2000,Australia,Cyprus,1,,,,
2000,Australia,"Czech Rep.",8,,,,
2000,Australia,Germany,25,,,,
2000,Australia,Djibouti,6,,,,
2000,Australia,Algeria,331,,,,
2000,Australia,Ecuador,260,,,,
2000,Australia,Egypt,212,,,,
2000,Australia,Eritrea,663,,,,
2000,Australia,Spain,,,,,
2000,Australia,Estonia,5,,,,
2000,Australia,Ethiopia,874,,,,
2000,Australia,Finland,,,,,
2000,Australia,Fiji,18,,,,
2000,Australia,France,12,,,,
2000,Australia,"United Kingdom",,,,,
2000,Australia,Georgia,8,,,,
2000,Australia,Ghana,11,,,,
2000,Australia,Guinea,1,,,,
2000,Australia,Greece,,,,,
2000,Australia,Guatemala,4,,,,
2000,Australia,Guyana,,,,,
2000,Australia,"China, Hong Kong SAR",,,,,
2000,Australia,Croatia,4902,,,,
2000,Australia,Hungary,1,,,,
2000,Australia,Indonesia,147,,,,
2000,Australia,India,117,,,,
2000,Australia,Ireland,,,,,
2000,Australia,"Iran (Islamic Rep. of)",2617,,,,
2000,Australia,Iraq,10521,,,,
2000,Australia,Israel,10,,,,
2000,Australia,Italy,,,,,
2000,Australia,Jordan,66,,,,
2000,Australia,Japan,2,,,,
2000,Australia,Kazakhstan,29,,,,
2000,Australia,Kenya,75,,,,
2000,Australia,Kyrgyzstan,2,,,,
2000,Australia,Cambodia,615,,,,
2000,Australia,"Rep. of Korea",26,,,,
2000,Australia,Kuwait,432,,,,
2000,Australia,"Lao People's Dem. Rep.",5,,,,
2000,Australia,Lebanon,415,,,,
2000,Australia,Liberia,8,,,,
2000,Australia,Libya,2,,,,
2000,Australia,"Sri Lanka",2091,,,,
2000,Australia,Lithuania,2,,,,
2000,Australia,Latvia,1,,,,
2000,Australia,Morocco,5,,,,
2000,Australia,"Rep. of Moldova",2,,,,
2000,Australia,Maldives,1,,,,
2000,Australia,Mexico,7,,,,
2000,Australia,"The former Yugoslav Republic of Macedonia",28,,,,
2000,Australia,Mali,,,,,
2000,Australia,Myanmar,962,,,,
2000,Australia,Mongolia,,,,,
2000,Australia,Mozambique,,,,,
2000,Australia,Mauritania,1,,,,
2000,Australia,Mauritius,2,,,,
2000,Australia,Malawi,,,,,
2000,Australia,Malaysia,6,,,,
2000,Australia,Niger,8,,,,
2000,Australia,Nigeria,24,,,,
2000,Australia,Nicaragua,14,,,,
2000,Australia,Netherlands,,,,,
2000,Australia,Nepal,27,,,,
2000,Australia,Pakistan,578,,,,
2000,Australia,Peru,55,,,,
2000,Australia,Philippines,37,,,,
2000,Australia,"Papua New Guinea",,,,,
2000,Australia,Poland,1,,,,
2000,Australia,"Dem. People's Rep. of Korea",3,,,,
2000,Australia,Portugal,1,,,,
2000,Australia,Paraguay,,,,,
2000,Australia,Palestinian,55,,,,
2000,Australia,Qatar,,,,,
2000,Australia,Romania,12,,,,
2000,Australia,"Russian Federation",697,,,,
2000,Australia,Rwanda,11,,,,
2000,Australia,"Saudi Arabia",3,,,,
2000,Australia,Sudan,2872,,,,
2000,Australia,Senegal,1,,,,
2000,Australia,Singapore,4,,,,
2000,Australia,"Solomon Islands",,,,,
2000,Australia,"Sierra Leone",100,,,,
2000,Australia,"El Salvador",222,,,,
2000,Australia,Somalia,2094,,,,
2000,Australia,"Serbia and Kosovo (S/RES/1244 (1999))",12046,204,,,
2000,Australia,Slovenia,13,,,,
2000,Australia,"Syrian Arab Rep.",61,,,,
2000,Australia,Chad,2,,,,
2000,Australia,Togo,,,,,
2000,Australia,Thailand,34,,,,
2000,Australia,Tajikistan,,,,,
2000,Australia,Timor-Leste,,648,,,
2000,Australia,Tonga,3,,,,
2000,Australia,Tunisia,3,,,,
2000,Australia,Turkey,655,,,,
2000,Australia,"United Rep. of Tanzania",8,,,,
2000,Australia,Uganda,20,,,,
2000,Australia,Ukraine,20,,,,
2000,Australia,Uruguay,1,,,,
2000,Australia,"United States of America",1,,,,
2000,Australia,Uzbekistan,3,,,,
2000,Australia,"Viet Nam",1731,,,,
2000,Australia,Vanuatu,,,,,
2000,Australia,Samoa,1,,,,
2000,Australia,Stateless,137,,,,
2000,Australia,Various/Unknown,1534,,,,
2000,Australia,Yemen,18,,,,
2000,Australia,"South Africa",2,,,,
2000,Australia,Zambia,1,,,,
2000,Australia,Zimbabwe,1,,,,
2001,Australia,Afghanistan,6262,,,,
2001,Australia,Angola,11,,,,
2001,Australia,Albania,67,,,,
2001,Australia,"United Arab Emirates",11,,,,
2001,Australia,Argentina,,,,,
2001,Australia,Armenia,3,,,,
2001,Australia,Australia,1,,,,
2001,Australia,Austria,13,,,,
2001,Australia,Azerbaijan,1,,,,
2001,Australia,Burundi,17,,,,
2001,Australia,Belgium,2,,,,
2001,Australia,Bangladesh,106,,,,
2001,Australia,Bulgaria,25,,,,
2001,Australia,Bahrain,6,,,,
2001,Australia,"Bosnia and Herzegovina",4882,,,,
2001,Australia,Belarus,13,,,,
2001,Australia,"Bolivia (Plurinational State of)",,,,,
2001,Australia,Brazil,13,,,,
2001,Australia,Bhutan,4,,,,
2001,Australia,Botswana,,,,,
2001,Australia,Canada,3,,,,
2001,Australia,Chile,3,,,,
2001,Australia,China,323,,,,
2001,Australia,"Côte d'Ivoire",1,,,,
2001,Australia,Cameroon,3,,,,
2001,Australia,"Dem. Rep. of the Congo",18,,,,
2001,Australia,Congo,22,,,,
2001,Australia,Colombia,235,,,,
2001,Australia,Comoros,,,,,
2001,Australia,Cuba,,,,,
2001,Australia,Cyprus,,,,,
2001,Australia,"Czech Rep.",8,,,,
2001,Australia,Germany,28,,,,
2001,Australia,Djibouti,7,,,,
2001,Australia,"Dominican Rep.",,,,,
2001,Australia,Algeria,335,,,,
2001,Australia,Ecuador,262,,,,
2001,Australia,Egypt,255,,,,
2001,Australia,Eritrea,708,,,,
2001,Australia,Spain,,,,,
2001,Australia,Estonia,4,,,,
2001,Australia,Ethiopia,989,,,,
2001,Australia,Finland,,,,,
2001,Australia,Fiji,18,,,,
2001,Australia,France,9,,,,
2001,Australia,"United Kingdom",,,,,
2001,Australia,Georgia,14,,,,
2001,Australia,Ghana,9,,,,
2001,Australia,Guinea,3,,,,
2001,Australia,Gambia,,,,,
2001,Australia,Guinea-Bissau,1,,,,
2001,Australia,Greece,1,,,,
2001,Australia,Guyana,,,,,
2001,Australia,"China, Hong Kong SAR",,,,,
2001,Australia,Croatia,5158,,,,
2001,Australia,Hungary,,,,,
2001,Australia,Indonesia,78,,,,
2001,Australia,India,92,,,,
2001,Australia,Ireland,,,,,
2001,Australia,"Iran (Islamic Rep. of)",2582,,,,
2001,Australia,Iraq,10504,,,,
2001,Australia,Israel,10,,,,
2001,Australia,Italy,,,,,
2001,Australia,Jordan,71,,,,
2001,Australia,Japan,2,,,,
2001,Australia,Kazakhstan,27,,,,
2001,Australia,Kenya,74,,,,
2001,Australia,Kyrgyzstan,1,,,,
2001,Australia,Cambodia,156,,,,
2001,Australia,"Rep. of Korea",19,,,,
2001,Australia,Kuwait,430,,,,
2001,Australia,"Lao People's Dem. Rep.",5,,,,
2001,Australia,Lebanon,431,,,,
2001,Australia,Liberia,108,,,,
2001,Australia,Libya,4,,,,
2001,Australia,"Sri Lanka",1675,,,,
2001,Australia,Lithuania,1,,,,
2001,Australia,Latvia,1,,,,
2001,Australia,Morocco,7,,,,
2001,Australia,"Rep. of Moldova",1,,,,
2001,Australia,Maldives,1,,,,
2001,Australia,Mexico,7,,,,
2001,Australia,"The former Yugoslav Republic of Macedonia",29,,,,
2001,Australia,Mali,1,,,,
2001,Australia,Myanmar,773,,,,
2001,Australia,Mongolia,,,,,
2001,Australia,Mozambique,,,,,
2001,Australia,Mauritania,1,,,,
2001,Australia,Mauritius,2,,,,
2001,Australia,Malaysia,4,,,,
2001,Australia,Niger,8,,,,
2001,Australia,Nigeria,28,,,,
2001,Australia,Nicaragua,,,,,
2001,Australia,Nepal,23,,,,
2001,Australia,Nauru,,,,,
2001,Australia,"New Zealand",,,,,
2001,Australia,Pakistan,561,,,,
2001,Australia,Peru,42,,,,
2001,Australia,Philippines,27,,,,
2001,Australia,"Papua New Guinea",,,,,
2001,Australia,Poland,,,,,
2001,Australia,"Dem. People's Rep. of Korea",4,,,,
2001,Australia,Portugal,,,,,
2001,Australia,Paraguay,,,,,
2001,Australia,Palestinian,105,,,,
2001,Australia,Qatar,,,,,
2001,Australia,Romania,11,,,,
2001,Australia,"Russian Federation",286,,,,
2001,Australia,Rwanda,11,,,,
2001,Australia,"Saudi Arabia",1,,,,
2001,Australia,Sudan,3858,,,,
2001,Australia,Senegal,1,,,,
2001,Australia,Singapore,6,,,,
2001,Australia,"Solomon Islands",8,,,,
2001,Australia,"Sierra Leone",428,,,,
2001,Australia,"El Salvador",110,,,,
2001,Australia,Somalia,2059,,,,
2001,Australia,"Serbia and Kosovo (S/RES/1244 (1999))",10225,,,,
2001,Australia,Slovakia,,,,,
2001,Australia,Slovenia,13,,,,
2001,Australia,"Syrian Arab Rep.",73,,,,
2001,Australia,Chad,2,,,,
2001,Australia,Togo,1,,,,
2001,Australia,Thailand,31,,,,
2001,Australia,Tajikistan,,,,,
2001,Australia,Timor-Leste,,,,,
2001,Australia,Tonga,1,,,,
2001,Australia,Tunisia,8,,,,
2001,Australia,Turkey,597,,,,
2001,Australia,Tuvalu,,,,,
2001,Australia,"United Rep. of Tanzania",6,,,,
2001,Australia,Uganda,25,,,,
2001,Australia,Ukraine,27,,,,
2001,Australia,Uruguay,1,,,,
2001,Australia,"United States of America",1,,,,
2001,Australia,Uzbekistan,4,,,,
2001,Australia,"Venezuela (Bolivarian Republic of)",,,,,
2001,Australia,"Viet Nam",918,,,,
2001,Australia,Vanuatu,,,,,
2001,Australia,Samoa,1,,,,
2001,Australia,Stateless,144,,,,
2001,Australia,Various/Unknown,1245,,,,
2001,Australia,Yemen,35,,,,
2001,Australia,"South Africa",3,,,,
2001,Australia,Zambia,1,,,,
2001,Australia,Zimbabwe,5,,,,
2002,Australia,Afghanistan,6943,,,,
2002,Australia,Angola,10,,,,
2002,Australia,Albania,62,,,,
2002,Australia,"United Arab Emirates",9,,,,
2002,Australia,Argentina,,,,,
2002,Australia,Armenia,5,,,,
2002,Australia,Australia,1,,,,
2002,Australia,Austria,5,,,,
2002,Australia,Azerbaijan,1,,,,
2002,Australia,Burundi,24,,,,
2002,Australia,Belgium,2,,,,
2002,Australia,Bangladesh,111,,,,
2002,Australia,Bulgaria,19,,,,
2002,Australia,Bahrain,5,,,,
2002,Australia,"Bosnia and Herzegovina",3873,290,,,
2002,Australia,Belarus,12,,,,
2002,Australia,"Bolivia (Plurinational State of)",,,,,
2002,Australia,Brazil,11,,,,
2002,Australia,Bhutan,4,,,,
2002,Australia,Botswana,,,,,
2002,Australia,Canada,3,,,,
2002,Australia,Chile,2,,,,
2002,Australia,China,294,,,,
2002,Australia,"Côte d'Ivoire",1,,,,
2002,Australia,Cameroon,5,,,,
2002,Australia,"Dem. Rep. of the Congo",15,,,,
2002,Australia,Congo,31,,,,
2002,Australia,Colombia,251,,,,
2002,Australia,Cuba,6,,,,
2002,Australia,Cyprus,,,,,
2002,Australia,"Czech Rep.",3,,,,
2002,Australia,Germany,17,,,,
2002,Australia,Djibouti,7,,,,
2002,Australia,Denmark,,,,,
2002,Australia,Algeria,256,,,,
2002,Australia,Ecuador,261,,,,
2002,Australia,Egypt,276,,,,
2002,Australia,Eritrea,667,,,,
2002,Australia,Spain,,,,,
2002,Australia,Estonia,1,,,,
2002,Australia,Ethiopia,1271,,,,
2002,Australia,Fiji,20,,,,
2002,Australia,France,4,,,,
2002,Australia,"United Kingdom",4,,,,
2002,Australia,Georgia,16,,,,
2002,Australia,Ghana,8,,,,
2002,Australia,Guinea,5,,,,
2002,Australia,Guinea-Bissau,1,,,,
2002,Australia,Greece,2,,,,
2002,Australia,Guyana,1,,,,
2002,Australia,"China, Hong Kong SAR",,,,,
2002,Australia,Croatia,4850,,,,
2002,Australia,Haiti,6,,,,
2002,Australia,Hungary,,,,,
2002,Australia,Indonesia,69,,,,
2002,Australia,India,89,,,,
2002,Australia,"Iran (Islamic Rep. of)",2626,,,,
2002,Australia,Iraq,11899,,,,
2002,Australia,Israel,10,,,,
2002,Australia,Italy,,,,,
2002,Australia,Jordan,67,,,,
2002,Australia,Japan,1,,,,
2002,Australia,Kazakhstan,14,,,,
2002,Australia,Kenya,76,,,,
2002,Australia,Kyrgyzstan,13,,,,
2002,Australia,Cambodia,48,,,,
2002,Australia,"Rep. of Korea",15,,,,
2002,Australia,Kuwait,410,,,,
2002,Australia,"Lao People's Dem. Rep.",5,,,,
2002,Australia,Lebanon,507,,,,
2002,Australia,Liberia,269,,,,
2002,Australia,Libya,4,,,,
2002,Australia,"Sri Lanka",1236,,,,
2002,Australia,Lithuania,,,,,
2002,Australia,Latvia,1,,,,
2002,Australia,Morocco,5,,,,
2002,Australia,"Rep. of Moldova",1,,,,
2002,Australia,Maldives,1,,,,
2002,Australia,Mexico,5,,,,
2002,Australia,"The former Yugoslav Republic of Macedonia",16,,,,
2002,Australia,Mali,1,,,,
2002,Australia,Myanmar,732,,,,
2002,Australia,Mongolia,1,,,,
2002,Australia,Mauritania,4,,,,
2002,Australia,Mauritius,2,,,,
2002,Australia,Malaysia,7,,,,
2002,Australia,Niger,1,,,,
2002,Australia,Nigeria,29,,,,
2002,Australia,Nepal,34,,,,
2002,Australia,Nauru,,,,,
2002,Australia,Oman,,,,,
2002,Australia,Pakistan,479,,,,
2002,Australia,Peru,31,,,,
2002,Australia,Philippines,32,,,,
2002,Australia,"Papua New Guinea",1,,,,
2002,Australia,Poland,,,,,
2002,Australia,"Dem. People's Rep. of Korea",4,,,,
2002,Australia,Portugal,,,,,
2002,Australia,Paraguay,,,,,
2002,Australia,Palestinian,151,,,,
2002,Australia,Romania,6,,,,
2002,Australia,"Russian Federation",207,,,,
2002,Australia,Rwanda,23,,,,
2002,Australia,"Saudi Arabia",4,,,,
2002,Australia,Sudan,6033,,,,
2002,Australia,Senegal,,,,,
2002,Australia,Singapore,6,,,,
2002,Australia,"Solomon Islands",16,,,,
2002,Australia,"Sierra Leone",680,,,,
2002,Australia,"El Salvador",57,,,,
2002,Australia,Somalia,1743,,,,
2002,Australia,"Serbia and Kosovo (S/RES/1244 (1999))",9827,2,,,
2002,Australia,Slovakia,,,,,
2002,Australia,Slovenia,7,,,,
2002,Australia,Sweden,,,,,
2002,Australia,"Syrian Arab Rep.",72,,,,
2002,Australia,Chad,1,,,,
2002,Australia,Togo,1,,,,
2002,Australia,Thailand,31,,,,
2002,Australia,Tajikistan,,,,,
2002,Australia,Timor-Leste,,,,,
2002,Australia,Tonga,1,,,,
2002,Australia,Tunisia,9,,,,
2002,Australia,Turkey,662,,,,
2002,Australia,Tuvalu,,,,,
2002,Australia,"United Rep. of Tanzania",8,,,,
2002,Australia,Uganda,49,,,,
2002,Australia,Ukraine,40,,,,
2002,Australia,Uruguay,,,,,
2002,Australia,"United States of America",1,,,,
2002,Australia,Uzbekistan,6,,,,
2002,Australia,"Venezuela (Bolivarian Republic of)",,,,,
2002,Australia,"Viet Nam",337,,,,
2002,Australia,Samoa,,,,,
2002,Australia,Stateless,135,,,,
2002,Australia,Various/Unknown,1145,,,,
2002,Australia,Yemen,35,,,,
2002,Australia,"South Africa",3,,,,
2002,Australia,Zambia,1,,,,
2002,Australia,Zimbabwe,13,,,,
2003,Australia,Afghanistan,7240,,,,
2003,Australia,Angola,8,,,,
2003,Australia,Albania,40,,,,
2003,Australia,"United Arab Emirates",10,,,,
2003,Australia,Argentina,,,,,
2003,Australia,Armenia,4,,,,
2003,Australia,Australia,2,,,,
2003,Australia,Austria,4,,,,
2003,Australia,Azerbaijan,2,,,,
2003,Australia,Burundi,81,,,,
2003,Australia,Belgium,2,,,,
2003,Australia,Bangladesh,50,,,,
2003,Australia,Bulgaria,7,,,,
2003,Australia,Bahrain,5,,,,
2003,Australia,"Bosnia and Herzegovina",1942,110,,,
2003,Australia,Belarus,15,,,,
2003,Australia,"Bolivia (Plurinational State of)",,,,,
2003,Australia,Brazil,9,,,,
2003,Australia,Bhutan,4,,,,
2003,Australia,Botswana,,,,,
2003,Australia,Canada,3,,,,
2003,Australia,Chile,2,,,,
2003,Australia,China,281,,,,
2003,Australia,"Côte d'Ivoire",1,,,,
2003,Australia,Cameroon,5,,,,
2003,Australia,"Dem. Rep. of the Congo",34,,,,
2003,Australia,Congo,149,,,,
2003,Australia,Colombia,212,,,,
2003,Australia,Cuba,7,,,,
2003,Australia,Cyprus,,,,,
2003,Australia,"Czech Rep.",5,,,,
2003,Australia,Germany,12,,,,
2003,Australia,Djibouti,12,,,,
2003,Australia,Denmark,,,,,
2003,Australia,Algeria,137,,,,
2003,Australia,Ecuador,15,,,,
2003,Australia,Egypt,248,,,,
2003,Australia,Eritrea,643,,,,
2003,Australia,Estonia,,,,,
2003,Australia,Ethiopia,1627,,,,
2003,Australia,Fiji,8,,,,
2003,Australia,France,4,,,,
2003,Australia,"United Kingdom",4,,,,
2003,Australia,Georgia,16,,,,
2003,Australia,Ghana,4,,,,
2003,Australia,Guinea,7,,,,
2003,Australia,Guinea-Bissau,1,,,,
2003,Australia,Greece,2,,,,
2003,Australia,Guyana,1,,,,
2003,Australia,"China, Hong Kong SAR",,,,,
2003,Australia,Croatia,3394,,,,
2003,Australia,Haiti,6,,,,
2003,Australia,Hungary,,,,,
2003,Australia,Indonesia,713,,,,
2003,Australia,India,64,,,,
2003,Australia,"Iran (Islamic Rep. of)",2593,,,,
2003,Australia,Iraq,12157,,,,
2003,Australia,Israel,5,,,,
2003,Australia,Italy,,,,,
2003,Australia,Jordan,28,,,,
2003,Australia,Japan,1,,,,
2003,Australia,Kazakhstan,13,,,,
2003,Australia,Kenya,23,,,,
2003,Australia,Kyrgyzstan,16,,,,
2003,Australia,Cambodia,27,,,,
2003,Australia,"Rep. of Korea",3,,,,
2003,Australia,Kuwait,328,,,,
2003,Australia,"Lao People's Dem. Rep.",2,,,,
2003,Australia,Lebanon,262,,,,
2003,Australia,Liberia,381,,,,
2003,Australia,Libya,3,,,,
2003,Australia,"Sri Lanka",935,,,,
2003,Australia,Lithuania,,,,,
2003,Australia,Latvia,,,,,
2003,Australia,Morocco,5,,,,
2003,Australia,"Rep. of Moldova",1,,,,
2003,Australia,Maldives,1,,,,
2003,Australia,Mexico,5,,,,
2003,Australia,"The former Yugoslav Republic of Macedonia",14,,,,
2003,Australia,Mali,1,,,,
2003,Australia,Myanmar,684,,,,
2003,Australia,Mongolia,2,,,,
2003,Australia,Mauritania,5,,,,
2003,Australia,Mauritius,2,,,,
2003,Australia,Malawi,,,,,
2003,Australia,Malaysia,8,,,,
2003,Australia,Niger,1,,,,
2003,Australia,Nigeria,23,,,,
2003,Australia,Nepal,31,,,,
2003,Australia,Oman,,,,,
2003,Australia,Pakistan,389,,,,
2003,Australia,Peru,19,,,,
2003,Australia,Philippines,7,,,,
2003,Australia,"Papua New Guinea",2,,,,
2003,Australia,Poland,,,,,
2003,Australia,"Dem. People's Rep. of Korea",3,,,,
2003,Australia,Portugal,,,,,
2003,Australia,Palestinian,158,,,,
2003,Australia,Romania,7,,,,
2003,Australia,"Russian Federation",188,,,,
2003,Australia,Rwanda,60,,,,
2003,Australia,"Saudi Arabia",5,,,,
2003,Australia,Sudan,10037,,,,
2003,Australia,Senegal,,,,,
2003,Australia,Singapore,6,,,,
2003,Australia,"Solomon Islands",22,,,,
2003,Australia,"Sierra Leone",777,,,,
2003,Australia,"El Salvador",19,,,,
2003,Australia,Somalia,1130,,,,
2003,Australia,"Serbia and Kosovo (S/RES/1244 (1999))",7250,1,,,
2003,Australia,Slovakia,,,,,
2003,Australia,Slovenia,3,,,,
2003,Australia,Sweden,,,,,
2003,Australia,"Syrian Arab Rep.",71,,,,
2003,Australia,Chad,,,,,
2003,Australia,Togo,1,,,,
2003,Australia,Thailand,11,,,,
2003,Australia,Tajikistan,1,,,,
2003,Australia,Timor-Leste,127,,,,
2003,Australia,Tonga,1,,,,
2003,Australia,"Trinidad and Tobago",,,,,
2003,Australia,Tunisia,15,,,,
2003,Australia,Turkey,585,,,,
2003,Australia,"United Rep. of Tanzania",6,,,,
2003,Australia,Uganda,51,,,,
2003,Australia,Ukraine,44,,,,
2003,Australia,Uruguay,,,,,
2003,Australia,"United States of America",2,,,,
2003,Australia,Uzbekistan,8,,,,
2003,Australia,"Venezuela (Bolivarian Republic of)",,,,,
2003,Australia,"Viet Nam",255,,,,
2003,Australia,Samoa,,,,,
2003,Australia,Stateless,139,,,,
2003,Australia,Various/Unknown,159,,,,
2003,Australia,Yemen,44,,,,
2003,Australia,"South Africa",10,,,,
2003,Australia,Zambia,1,,,,
2003,Australia,Zimbabwe,43,,,,
2004,Australia,Afghanistan,8037,,,,
2004,Australia,Angola,3,,,,
2004,Australia,Albania,22,,,,
2004,Australia,"United Arab Emirates",10,,,,
2004,Australia,Armenia,4,,,,
2004,Australia,Azerbaijan,2,,,,
2004,Australia,Burundi,369,,,,
2004,Australia,Bangladesh,68,,,,
2004,Australia,Bulgaria,4,,,,
2004,Australia,Bahrain,4,,,,
2004,Australia,"Bosnia and Herzegovina",1367,9,,,
2004,Australia,Belarus,13,,,,
2004,Australia,Brazil,8,,,,
2004,Australia,Bhutan,3,,,,
2004,Australia,Canada,3,,,,
2004,Australia,Chile,1,,,,
2004,Australia,China,345,,,,
2004,Australia,"Côte d'Ivoire",78,,,,
2004,Australia,Cameroon,3,,,,
2004,Australia,"Dem. Rep. of the Congo",44,,,,
2004,Australia,Congo,464,,,,
2004,Australia,Colombia,165,,,,
2004,Australia,Cuba,7,,,,
2004,Australia,"Czech Rep.",5,,,,
2004,Australia,Germany,11,,,,
2004,Australia,Djibouti,7,,,,
2004,Australia,Algeria,67,,,,
2004,Australia,Ecuador,9,,,,
2004,Australia,Egypt,735,,,,
2004,Australia,Eritrea,590,,,,
2004,Australia,Ethiopia,1921,,,,
2004,Australia,Fiji,12,,,,
2004,Australia,France,3,,,,
2004,Australia,"United Kingdom",4,,,,
2004,Australia,Georgia,11,,,,
2004,Australia,Ghana,31,,,,
2004,Australia,Guinea,91,,,,
2004,Australia,Guinea-Bissau,1,,,,
2004,Australia,Greece,2,,,,
2004,Australia,Guyana,1,,,,
2004,Australia,"China, Hong Kong SAR",,,,,
2004,Australia,Croatia,2689,,,,
2004,Australia,Haiti,6,,,,
2004,Australia,Indonesia,1255,,,,
2004,Australia,India,45,,,,
2004,Australia,"Iran (Islamic Rep. of)",2766,,,,
2004,Australia,Iraq,11471,,,,
2004,Australia,Israel,10,,,,
2004,Australia,Jordan,42,,,,
2004,Australia,Kazakhstan,6,,,,
2004,Australia,Kenya,589,,,,
2004,Australia,Kyrgyzstan,16,,,,
2004,Australia,Cambodia,20,,,,
2004,Australia,"Rep. of Korea",2,,,,
2004,Australia,Kuwait,112,,,,
2004,Australia,"Lao People's Dem. Rep.",49,,,,
2004,Australia,Lebanon,306,,,,
2004,Australia,Liberia,1037,,,,
2004,Australia,Libya,3,,,,
2004,Australia,"Sri Lanka",694,,,,
2004,Australia,Morocco,5,,,,
2004,Australia,Mexico,1,,,,
2004,Australia,"The former Yugoslav Republic of Macedonia",14,,,,
2004,Australia,Mali,1,,,,
2004,Australia,Myanmar,651,,,,
2004,Australia,Mongolia,4,,,,
2004,Australia,Mauritania,4,,,,
2004,Australia,Mauritius,2,,,,
2004,Australia,Malawi,27,,,,
2004,Australia,Malaysia,5,,,,
2004,Australia,Nigeria,29,,,,
2004,Australia,Nepal,29,,,,
2004,Australia,Pakistan,363,,,,
2004,Australia,Peru,10,,,,
2004,Australia,Philippines,7,,,,
2004,Australia,"Papua New Guinea",2,,,,
2004,Australia,"Dem. People's Rep. of Korea",3,,,,
2004,Australia,Palestinian,130,,,,
2004,Australia,Romania,8,,,,
2004,Australia,"Russian Federation",145,,,,
2004,Australia,Rwanda,144,,,,
2004,Australia,"Saudi Arabia",5,,,,
2004,Australia,Sudan,16365,,,,
2004,Australia,Singapore,5,,,,
2004,Australia,"Solomon Islands",22,,,,
2004,Australia,"Sierra Leone",1422,,,,
2004,Australia,"El Salvador",9,,,,
2004,Australia,Somalia,941,,,,
2004,Australia,"Serbia and Kosovo (S/RES/1244 (1999))",5366,1,,,
2004,Australia,Slovenia,3,,,,
2004,Australia,"Syrian Arab Rep.",103,,,,
2004,Australia,Togo,1,,,,
2004,Australia,Thailand,70,,,,
2004,Australia,Tajikistan,1,,,,
2004,Australia,Timor-Leste,221,,,,
2004,Australia,Tonga,1,,,,
2004,Australia,Tunisia,15,,,,
2004,Australia,Turkey,399,,,,
2004,Australia,"United Rep. of Tanzania",149,,,,
2004,Australia,Uganda,239,,,,
2004,Australia,Ukraine,40,,,,
2004,Australia,"United States of America",1,,,,
2004,Australia,Uzbekistan,8,,,,
2004,Australia,"Viet Nam",232,,,,
2004,Australia,Stateless,102,,,,
2004,Australia,Various/Unknown,448,,,,
2004,Australia,Yemen,29,,,,
2004,Australia,"South Africa",9,,,,
2004,Australia,Zambia,1,,,,
2004,Australia,Zimbabwe,42,,,,
2005,Australia,Afghanistan,8082,4,,,
2005,Australia,Angola,1,,,,
2005,Australia,Albania,13,,,,
2005,Australia,"United Arab Emirates",8,,,,
2005,Australia,Argentina,,,,,
2005,Australia,Armenia,5,,,,
2005,Australia,Australia,,,,,
2005,Australia,Austria,2,,,,
2005,Australia,Azerbaijan,2,,,,
2005,Australia,Burundi,759,,,,
2005,Australia,Belgium,,,,,
2005,Australia,Bangladesh,86,,,,
2005,Australia,Bulgaria,3,,,,
2005,Australia,Bahrain,3,,,,
2005,Australia,"Bosnia and Herzegovina",580,4,,,
2005,Australia,Belarus,14,,,,
2005,Australia,Brazil,7,,,,
2005,Australia,Bhutan,3,,,,
2005,Australia,Canada,1,,,,
2005,Australia,Chile,1,,,,
2005,Australia,China,537,,,,
2005,Australia,"Côte d'Ivoire",159,,,,
2005,Australia,Cameroon,4,,,,
2005,Australia,"Dem. Rep. of the Congo",185,,,,
2005,Australia,Congo,561,,,,
2005,Australia,Colombia,134,,,,
2005,Australia,Cuba,8,,,,
2005,Australia,"Czech Rep.",4,,,,
2005,Australia,Germany,9,,,,
2005,Australia,Djibouti,6,,,,
2005,Australia,Denmark,2,,,,
2005,Australia,Algeria,24,,,,
2005,Australia,Ecuador,10,,,,
2005,Australia,Egypt,994,,,,
2005,Australia,Eritrea,577,,,,
2005,Australia,Spain,,,,,
2005,Australia,Ethiopia,1931,,,,
2005,Australia,Fiji,15,,,,
2005,Australia,France,,,,,
2005,Australia,"United Kingdom",5,,,,
2005,Australia,Georgia,9,,,,
2005,Australia,Ghana,68,,,,
2005,Australia,Guinea,247,,,,
2005,Australia,Guinea-Bissau,1,,,,
2005,Australia,Greece,4,,,,
2005,Australia,Guatemala,,,,,
2005,Australia,Guyana,1,,,,
2005,Australia,"China, Hong Kong SAR",,,,,
2005,Australia,Croatia,1316,,,,
2005,Australia,Haiti,6,,,,
2005,Australia,Hungary,,,,,
2005,Australia,Indonesia,1302,,,,
2005,Australia,India,53,,,,
2005,Australia,Ireland,,,,,
2005,Australia,"Iran (Islamic Rep. of)",2560,,,,
2005,Australia,Iraq,10859,,,,
2005,Australia,Israel,13,,,,
2005,Australia,Italy,,,,,
2005,Australia,Jordan,59,,,,
2005,Australia,Japan,,,,,
2005,Australia,Kazakhstan,4,,,,
2005,Australia,Kenya,881,,,,
2005,Australia,Kyrgyzstan,15,,,,
2005,Australia,Cambodia,23,,,,
2005,Australia,"Rep. of Korea",1,,,,
2005,Australia,Kuwait,113,,,,
2005,Australia,"Lao People's Dem. Rep.",56,,,,
2005,Australia,Lebanon,346,,,,
2005,Australia,Liberia,1698,,,,
2005,Australia,Libya,2,,,,
2005,Australia,"Sri Lanka",571,,,,
2005,Australia,Latvia,,,,,
2005,Australia,Morocco,7,,,,
2005,Australia,"The former Yugoslav Republic of Macedonia",4,,,,
2005,Australia,Mali,1,,,,
2005,Australia,Malta,1,,,,
2005,Australia,Myanmar,967,,,,
2005,Australia,Mongolia,8,,,,
2005,Australia,Mauritania,6,,,,
2005,Australia,Malawi,37,,,,
2005,Australia,Malaysia,10,,,,
2005,Australia,Namibia,7,,,,
2005,Australia,Nigeria,34,,,,
2005,Australia,Nepal,47,,,,
2005,Australia,"New Zealand",,,,,
2005,Australia,Pakistan,322,,,,
2005,Australia,Peru,8,,,,
2005,Australia,Philippines,9,,,,
2005,Australia,"Papua New Guinea",8,,,,
2005,Australia,"Dem. People's Rep. of Korea",6,,,,
2005,Australia,Portugal,,,,,
2005,Australia,Palestinian,130,,,,
2005,Australia,"French Polynesia",1,,,,
2005,Australia,Romania,8,,,,
2005,Australia,"Russian Federation",96,,,,
2005,Australia,Rwanda,192,,,,
2005,Australia,"Saudi Arabia",16,,,,
2005,Australia,Sudan,18827,,,,
2005,Australia,Senegal,2,,,,
2005,Australia,Singapore,5,,,,
2005,Australia,"Solomon Islands",22,,,,
2005,Australia,"Sierra Leone",1833,,,,
2005,Australia,"El Salvador",3,,,,
2005,Australia,Somalia,864,,,,
2005,Australia,"Serbia and Kosovo (S/RES/1244 (1999))",3826,,,,
2005,Australia,Slovenia,3,,,,
2005,Australia,Sweden,,,,,
2005,Australia,"Syrian Arab Rep.",124,,,,
2005,Australia,Chad,1,,,,
2005,Australia,Togo,2,,,,
2005,Australia,Thailand,198,,,,
2005,Australia,Tajikistan,1,,,,
2005,Australia,Timor-Leste,251,,,,
2005,Australia,Tonga,,,,,
2005,Australia,Tunisia,13,,,,
2005,Australia,Turkey,355,,,,
2005,Australia,"United Rep. of Tanzania",489,,,,
2005,Australia,Uganda,370,,,,
2005,Australia,Ukraine,34,,,,
2005,Australia,Uruguay,,,,,
2005,Australia,"United States of America",2,,,,
2005,Australia,Uzbekistan,11,,,,
2005,Australia,"Viet Nam",243,,,,
2005,Australia,Samoa,,,,,
2005,Australia,Stateless,54,,,,
2005,Australia,Various/Unknown,442,,,,
2005,Australia,Yemen,30,,,,
2005,Australia,"South Africa",10,,,,
2005,Australia,Zambia,4,,,,
2005,Australia,Zimbabwe,77,,,,
2006,Australia,Afghanistan,7908,,,,
2006,Australia,Angola,2,,,,
2006,Australia,Albania,16,,,,
2006,Australia,"United Arab Emirates",1,,,,
2006,Australia,Argentina,,,,,
2006,Australia,Armenia,6,,,,
2006,Australia,Austria,2,,,,
2006,Australia,Azerbaijan,2,,,,
2006,Australia,Burundi,1478,,,,
2006,Australia,Bangladesh,118,,,,
2006,Australia,Bulgaria,1,,,,
2006,Australia,Bahrain,10,,,,
2006,Australia,"Bosnia and Herzegovina",202,16,,,
2006,Australia,Belarus,7,,,,
2006,Australia,Brazil,6,,,,
2006,Australia,Bhutan,1,,,,
2006,Australia,Chile,1,,,,
2006,Australia,China,793,,,,
2006,Australia,"Côte d'Ivoire",169,,,,
2006,Australia,Cameroon,18,,,,
2006,Australia,"Dem. Rep. of the Congo",714,,,,
2006,Australia,Congo,649,,,,
2006,Australia,Colombia,94,,,,
2006,Australia,Cuba,8,,,,
2006,Australia,"Czech Rep.",4,,,,
2006,Australia,Germany,3,,,,
2006,Australia,Djibouti,5,,,,
2006,Australia,Denmark,2,,,,
2006,Australia,Algeria,16,,,,
2006,Australia,Ecuador,7,,,,
2006,Australia,Egypt,975,,,,
2006,Australia,Eritrea,653,,,,
2006,Australia,Spain,,,,,
2006,Australia,Ethiopia,1923,,,,
2006,Australia,Fiji,17,,,,
2006,Australia,France,3,,,,
2006,Australia,"United Kingdom",11,,,,
2006,Australia,Georgia,3,,,,
2006,Australia,Ghana,77,,,,
2006,Australia,Guinea,253,,,,
2006,Australia,Greece,3,,,,
2006,Australia,Guyana,1,,,,
2006,Australia,"China, Hong Kong SAR",,,,,
2006,Australia,Croatia,521,,,,
2006,Australia,Haiti,6,,,,
2006,Australia,Indonesia,1353,,,,
2006,Australia,India,59,,,,
2006,Australia,"Iran (Islamic Rep. of)",2346,,,,
2006,Australia,Iraq,11147,,,,
2006,Australia,Israel,20,,,,
2006,Australia,Italy,1,,,,
2006,Australia,Jordan,63,,,,
2006,Australia,Kazakhstan,4,,,,
2006,Australia,Kenya,893,,,,
2006,Australia,Kyrgyzstan,17,,,,
2006,Australia,Cambodia,15,,,,
2006,Australia,"Rep. of Korea",4,,,,
2006,Australia,Kuwait,141,,,,
2006,Australia,"Lao People's Dem. Rep.",63,,,,
2006,Australia,Lebanon,307,,,,
2006,Australia,Liberia,2307,,,,
2006,Australia,Libya,1,,,,
2006,Australia,"Sri Lanka",600,,,,
2006,Australia,Lithuania,,,,,
2006,Australia,Latvia,5,,,,
2006,Australia,Morocco,9,,,,
2006,Australia,"The former Yugoslav Republic of Macedonia",,,,,
2006,Australia,Mali,1,,,,
2006,Australia,Malta,1,,,,
2006,Australia,Myanmar,2558,,,,
2006,Australia,Mongolia,18,,,,
2006,Australia,Mozambique,,,,,
2006,Australia,Mauritania,6,,,,
2006,Australia,Malawi,37,,,,
2006,Australia,Malaysia,14,,,,
2006,Australia,Namibia,7,,,,
2006,Australia,Niger,,,,,
2006,Australia,Nigeria,53,,,,
2006,Australia,Nepal,72,,,,
2006,Australia,"New Zealand",,,,,
2006,Australia,Pakistan,316,,,,
2006,Australia,Peru,6,,,,
2006,Australia,Philippines,9,,,,
2006,Australia,"Papua New Guinea",15,,,,
2006,Australia,Poland,,,,,
2006,Australia,"Dem. People's Rep. of Korea",8,,,,
2006,Australia,Portugal,,,,,
2006,Australia,Palestinian,90,,,,
2006,Australia,"French Polynesia",1,,,,
2006,Australia,Romania,9,,,,
2006,Australia,"Russian Federation",89,,,,
2006,Australia,Rwanda,317,,,,
2006,Australia,"Saudi Arabia",28,,,,
2006,Australia,Sudan,21241,,,,
2006,Australia,Senegal,2,,,,
2006,Australia,Singapore,,,,,
2006,Australia,"Solomon Islands",27,,,,
2006,Australia,"Sierra Leone",2103,,,,
2006,Australia,"El Salvador",3,,,,
2006,Australia,Somalia,797,,,,
2006,Australia,"Serbia and Kosovo (S/RES/1244 (1999))",2432,,,,
2006,Australia,Swaziland,1,,,,
2006,Australia,"Syrian Arab Rep.",123,,,,
2006,Australia,Chad,7,,,,
2006,Australia,Togo,12,,,,
2006,Australia,Thailand,231,,,,
2006,Australia,Tibetan,15,,,,
2006,Australia,Tajikistan,1,,,,
2006,Australia,Timor-Leste,251,,,,
2006,Australia,Tonga,,,,,
2006,Australia,Tunisia,8,,,,
2006,Australia,Turkey,257,,,,
2006,Australia,"United Rep. of Tanzania",513,,,,
2006,Australia,Uganda,391,,,,
2006,Australia,Ukraine,30,,,,
2006,Australia,"United States of America",3,,,,
2006,Australia,Uzbekistan,21,,,,
2006,Australia,"Viet Nam",211,,,,
2006,Australia,Stateless,35,,,,
2006,Australia,Various/Unknown,393,,,,
2006,Australia,Yemen,15,,,,
2006,Australia,"South Africa",9,,,,
2006,Australia,Zambia,4,,,,
2006,Australia,Zimbabwe,113,,,,
2007,Australia,Afghanistan,4990,4,,,
2007,Australia,Angola,11,,,,
2007,Australia,Albania,64,,,,
2007,Australia,"United Arab Emirates",3,,,,
2007,Australia,Armenia,8,,,,
2007,Australia,Australia,1,,,,
2007,Australia,Austria,,,,,
2007,Australia,Azerbaijan,4,,,,
2007,Australia,Burundi,19,,,,
2007,Australia,Belgium,2,,,,
2007,Australia,Benin,,,,,
2007,Australia,Bangladesh,237,,,,
2007,Australia,Bulgaria,5,,,,
2007,Australia,Bahrain,18,,,,
2007,Australia,"Bosnia and Herzegovina",28,11,,,
2007,Australia,Belarus,17,,,,
2007,Australia,Brazil,15,,,,
2007,Australia,Bhutan,4,,,,
2007,Australia,Canada,3,,,,
2007,Australia,Chile,3,,,,
2007,Australia,China,1153,,,,
2007,Australia,"Côte d'Ivoire",3,,,,
2007,Australia,Cameroon,23,,,,
2007,Australia,"Dem. Rep. of the Congo",19,,,,
2007,Australia,Congo,17,,,,
2007,Australia,Colombia,265,,,,
2007,Australia,Cuba,5,,,,
2007,Australia,"Czech Rep.",2,,,,
2007,Australia,Denmark,2,,,,
2007,Australia,Algeria,194,,,,
2007,Australia,Ecuador,258,,,,
2007,Australia,Egypt,235,,,,
2007,Australia,Eritrea,39,,,,
2007,Australia,Estonia,1,,,,
2007,Australia,Ethiopia,126,,,,
2007,Australia,Fiji,61,,,,
2007,Australia,France,4,,,,
2007,Australia,"United Kingdom",2,,,,
2007,Australia,Georgia,14,,,,
2007,Australia,Ghana,15,,,,
2007,Australia,Guinea,7,,,,
2007,Australia,Gambia,1,,,,
2007,Australia,Guinea-Bissau,1,,,,
2007,Australia,Greece,4,,,,
2007,Australia,Guyana,1,,,,
2007,Australia,"China, Hong Kong SAR",,,,,
2007,Australia,Croatia,12,,,,
2007,Australia,Indonesia,201,,,,
2007,Australia,India,139,,,,
2007,Australia,"Iran (Islamic Rep. of)",1105,,,,
2007,Australia,Iraq,5851,,,,
2007,Australia,Israel,31,,,,
2007,Australia,Italy,1,,,,
2007,Australia,Jordan,66,,,,
2007,Australia,Japan,,,,,
2007,Australia,Kazakhstan,14,,,,
2007,Australia,Kenya,74,,,,
2007,Australia,Kyrgyzstan,21,,,,
2007,Australia,Cambodia,26,,,,
2007,Australia,"Rep. of Korea",20,,,,
2007,Australia,Kuwait,60,,,,
2007,Australia,"Lao People's Dem. Rep.",4,,,,
2007,Australia,Lebanon,433,,,,
2007,Australia,Liberia,10,,,,
2007,Australia,Libya,3,,,,
2007,Australia,"Sri Lanka",1707,,,,
2007,Australia,Latvia,7,,,,
2007,Australia,Morocco,14,,,,
2007,Australia,"Rep. of Moldova",1,,,,
2007,Australia,Maldives,1,,,,
2007,Australia,Mexico,5,,,,
2007,Australia,"The former Yugoslav Republic of Macedonia",10,,,,
2007,Australia,Mali,3,,,,
2007,Australia,Malta,1,,,,
2007,Australia,Myanmar,433,,,,
2007,Australia,Mongolia,30,,,,
2007,Australia,Mozambique,1,,,,
2007,Australia,Mauritania,5,,,,
2007,Australia,Malawi,,,,,
2007,Australia,Malaysia,22,,,,
2007,Australia,Niger,2,,,,
2007,Australia,Nigeria,68,,,,
2007,Australia,Nepal,100,,,,
2007,Australia,"New Zealand",,,,,
2007,Australia,Pakistan,440,,,,
2007,Australia,Peru,19,,,,
2007,Australia,Philippines,25,,,,
2007,Australia,"Papua New Guinea",27,,,,
2007,Australia,Poland,,,,,
2007,Australia,"Dem. People's Rep. of Korea",15,,,,
2007,Australia,Palestinian,159,,,,
2007,Australia,Romania,12,,,,
2007,Australia,"Russian Federation",213,,,,
2007,Australia,Rwanda,9,,,,
2007,Australia,"Saudi Arabia",16,,,,
2007,Australia,Sudan,59,,,,
2007,Australia,Senegal,4,,,,
2007,Australia,Singapore,6,,,,
2007,Australia,"Solomon Islands",32,,,,
2007,Australia,"Sierra Leone",32,,,,
2007,Australia,"El Salvador",6,,,,
2007,Australia,Somalia,142,,,,
2007,Australia,"Serbia and Kosovo (S/RES/1244 (1999))",266,,,,
2007,Australia,"Syrian Arab Rep.",78,,,,
2007,Australia,Chad,1,,,,
2007,Australia,Togo,1,,,,
2007,Australia,Thailand,34,,,,
2007,Australia,Tajikistan,1,,,,
2007,Australia,Timor-Leste,6,,,,
2007,Australia,Tonga,1,,,,
2007,Australia,Tunisia,15,,,,
2007,Australia,Turkey,428,,,,
2007,Australia,"United Rep. of Tanzania",8,,,,
2007,Australia,Uganda,21,,,,
2007,Australia,Ukraine,55,,,,
2007,Australia,"United States of America",4,,,,
2007,Australia,Uzbekistan,23,,,,
2007,Australia,"Viet Nam",57,,,,
2007,Australia,Samoa,,,,,
2007,Australia,Stateless,112,,,,
2007,Australia,Various/Unknown,1298,,,,
2007,Australia,Yemen,10,,,,
2007,Australia,"South Africa",13,,,,
2007,Australia,Zambia,3,,,,
2007,Australia,Zimbabwe,148,,,,
2008,Australia,Afghanistan,4933,1,,,
2008,Australia,Angola,10,,,,
2008,Australia,Albania,49,,,,
2008,Australia,"United Arab Emirates",3,,,,
2008,Australia,Armenia,7,,,,
2008,Australia,Australia,1,,,,
2008,Australia,Azerbaijan,4,,,,
2008,Australia,Burundi,24,,,,
2008,Australia,Belgium,2,,,,
2008,Australia,Benin,,,,,
2008,Australia,Bangladesh,208,,,,
2008,Australia,Bulgaria,5,,,,
2008,Australia,Bahrain,20,,,,
2008,Australia,"Bosnia and Herzegovina",15,10,,,
2008,Australia,Belarus,17,,,,
2008,Australia,Brazil,10,,,,
2008,Australia,Bhutan,4,,,,
2008,Australia,Canada,3,,,,
2008,Australia,Chile,3,,,,
2008,Australia,China,1467,,,,
2008,Australia,"Côte d'Ivoire",5,,,,
2008,Australia,Cameroon,35,,,,
2008,Australia,"Dem. Rep. of the Congo",22,,,,
2008,Australia,Congo,17,,,,
2008,Australia,Colombia,219,,,,
2008,Australia,Cuba,5,,,,
2008,Australia,"Czech Rep.",1,,,,
2008,Australia,Germany,,,,,
2008,Australia,Denmark,2,,,,
2008,Australia,Algeria,84,,,,
2008,Australia,Ecuador,7,,,,
2008,Australia,Egypt,228,,,,
2008,Australia,Eritrea,51,,,,
2008,Australia,Ethiopia,143,,,,
2008,Australia,Fiji,59,,,,
2008,Australia,France,4,,,,
2008,Australia,"United Kingdom",2,,,,
2008,Australia,Georgia,14,,,,
2008,Australia,Ghana,19,,,,
2008,Australia,Guinea,8,,,,
2008,Australia,Gambia,2,,,,
2008,Australia,Guinea-Bissau,1,,,,
2008,Australia,Greece,4,,,,
2008,Australia,Guyana,1,,,,
2008,Australia,Croatia,12,,,,
2008,Australia,Indonesia,188,,,,
2008,Australia,India,123,,,,
2008,Australia,"Iran (Islamic Rep. of)",1151,,,,
2008,Australia,Iraq,5945,,,,
2008,Australia,Israel,29,,,,
2008,Australia,Italy,2,,,,
2008,Australia,Jamaica,,,,,
2008,Australia,Jordan,49,,,,
2008,Australia,Japan,,,,,
2008,Australia,Kazakhstan,11,,,,
2008,Australia,Kenya,23,,,,
2008,Australia,Kyrgyzstan,22,,,,
2008,Australia,Cambodia,15,,,,
2008,Australia,"Rep. of Korea",13,,,,
2008,Australia,Kuwait,41,,,,
2008,Australia,"Lao People's Dem. Rep.",4,,,,
2008,Australia,Lebanon,170,,,,
2008,Australia,Liberia,10,,,,
2008,Australia,Libya,3,,,,
2008,Australia,"Sri Lanka",1843,,,,
2008,Australia,Latvia,6,,,,
2008,Australia,Morocco,14,,,,
2008,Australia,"Rep. of Moldova",1,,,,
2008,Australia,Maldives,1,,,,
2008,Australia,Mexico,5,,,,
2008,Australia,"The former Yugoslav Republic of Macedonia",10,,,,
2008,Australia,Mali,3,,,,
2008,Australia,Malta,1,,,,
2008,Australia,Myanmar,455,,,,
2008,Australia,Mongolia,35,,,,
2008,Australia,Mozambique,1,,,,
2008,Australia,Mauritania,5,,,,
2008,Australia,Malaysia,32,,,,
2008,Australia,Niger,2,,,,
2008,Australia,Nigeria,67,,,,
2008,Australia,Norway,,,,,
2008,Australia,Nepal,114,,,,
2008,Australia,"New Zealand",,,,,
2008,Australia,Pakistan,438,,,,
2008,Australia,Peru,14,,,,
2008,Australia,Philippines,10,,,,
2008,Australia,"Papua New Guinea",44,,,,
2008,Australia,"Dem. People's Rep. of Korea",14,,,,
2008,Australia,Palestinian,167,,,,
2008,Australia,Romania,13,,,,
2008,Australia,"Russian Federation",199,,,,
2008,Australia,Rwanda,11,,,,
2008,Australia,"Saudi Arabia",16,,,,
2008,Australia,Sudan,53,,,,
2008,Australia,Senegal,4,,,,
2008,Australia,Singapore,6,,,,
2008,Australia,"Solomon Islands",32,,,,
2008,Australia,"Sierra Leone",30,,,,
2008,Australia,"El Salvador",6,,,,
2008,Australia,Somalia,86,,,,
2008,Australia,"Serbia and Kosovo (S/RES/1244 (1999))",241,,,,
2008,Australia,"Syrian Arab Rep.",74,,,,
2008,Australia,Chad,1,,,,
2008,Australia,Togo,1,,,,
2008,Australia,Thailand,15,,,,
2008,Australia,Tibetan,4,,,,
2008,Australia,Tajikistan,1,,,,
2008,Australia,Timor-Leste,7,,,,
2008,Australia,Tonga,3,,,,
2008,Australia,Tunisia,17,,,,
2008,Australia,Turkey,372,,,,
2008,Australia,"United Rep. of Tanzania",7,,,,
2008,Australia,Uganda,27,,,,
2008,Australia,Ukraine,55,,,,
2008,Australia,"United States of America",8,,,,
2008,Australia,Uzbekistan,22,,,,
2008,Australia,"Viet Nam",50,,,,
2008,Australia,Stateless,121,,,,
2008,Australia,Various/Unknown,304,,,,
2008,Australia,Yemen,8,,,,
2008,Australia,"South Africa",15,,,,
2008,Australia,Zambia,5,,,,
2008,Australia,Zimbabwe,294,,,,
2009,Australia,Afghanistan,5664,1,,,
2009,Australia,Angola,5,,,,
2009,Australia,Albania,49,,,,
2009,Australia,"United Arab Emirates",4,,,,
2009,Australia,Argentina,1,,,,
2009,Australia,Armenia,7,,,,
2009,Australia,Australia,2,,,,
2009,Australia,Azerbaijan,4,,,,
2009,Australia,Burundi,30,,,,
2009,Australia,Benin,1,,,,
2009,Australia,Bangladesh,235,,,,
2009,Australia,Bulgaria,5,,,,
2009,Australia,Bahrain,22,,,,
2009,Australia,"Bosnia and Herzegovina",10,5,,,
2009,Australia,Belarus,15,,,,
2009,Australia,Brazil,9,,,,
2009,Australia,Bhutan,3,,,,
2009,Australia,Canada,3,,,,
2009,Australia,Chile,2,,,,
2009,Australia,China,1862,,,,
2009,Australia,"Côte d'Ivoire",7,,,,
2009,Australia,Cameroon,46,,,,
2009,Australia,"Dem. Rep. of the Congo",25,,,,
2009,Australia,Congo,22,,,,
2009,Australia,Colombia,191,,,,
2009,Australia,Cuba,6,,,,
2009,Australia,"Czech Rep.",1,,,,
2009,Australia,Denmark,2,,,,
2009,Australia,Algeria,32,,,,
2009,Australia,Ecuador,4,,,,
2009,Australia,Egypt,293,,,,
2009,Australia,Eritrea,58,,,,
2009,Australia,Ethiopia,169,,,,
2009,Australia,Fiji,81,,,,
2009,Australia,France,4,,,,
2009,Australia,"United Kingdom",2,,,,
2009,Australia,Georgia,10,,,,
2009,Australia,Ghana,23,,,,
2009,Australia,Guinea,10,,,,
2009,Australia,Gambia,3,,,,
2009,Australia,Guinea-Bissau,1,,,,
2009,Australia,Greece,4,,,,
2009,Australia,Guyana,1,,,,
2009,Australia,"China, Hong Kong SAR",,,,,
2009,Australia,Croatia,4,,,,
2009,Australia,Hungary,,,,,
2009,Australia,Indonesia,221,,,,
2009,Australia,India,120,,,,
2009,Australia,"Iran (Islamic Rep. of)",1249,,,,
2009,Australia,Iraq,5663,,,,
2009,Australia,Israel,31,,,,
2009,Australia,Italy,2,,,,
2009,Australia,Jordan,68,,,,
2009,Australia,Kazakhstan,6,,,,
2009,Australia,Kenya,33,,,,
2009,Australia,Kyrgyzstan,22,,,,
2009,Australia,Cambodia,16,,,,
2009,Australia,"Rep. of Korea",17,,,,
2009,Australia,Kuwait,26,,,,
2009,Australia,"Lao People's Dem. Rep.",4,,,,
2009,Australia,Lebanon,183,,,,
2009,Australia,Liberia,14,,,,
2009,Australia,Libya,10,,,,
2009,Australia,"Sri Lanka",2070,,,,
2009,Australia,Latvia,6,,,,
2009,Australia,Morocco,14,,,,
2009,Australia,Mexico,1,,,,
2009,Australia,"The former Yugoslav Republic of Macedonia",10,,,,
2009,Australia,Mali,3,,,,
2009,Australia,Malta,1,,,,
2009,Australia,Myanmar,489,,,,
2009,Australia,Mongolia,42,,,,
2009,Australia,Mozambique,1,,,,
2009,Australia,Mauritania,4,,,,
2009,Australia,Mauritius,,,,,
2009,Australia,Malaysia,38,,,,
2009,Australia,Niger,1,,,,
2009,Australia,Nigeria,88,,,,
2009,Australia,Nepal,130,,,,
2009,Australia,"New Zealand",,,,,
2009,Australia,Pakistan,589,,,,
2009,Australia,Peru,8,,,,
2009,Australia,Philippines,11,,,,
2009,Australia,"Papua New Guinea",68,,,,
2009,Australia,Poland,,,,,
2009,Australia,"Dem. People's Rep. of Korea",15,,,,
2009,Australia,Portugal,,,,,
2009,Australia,Palestinian,167,,,,
2009,Australia,Romania,17,,,,
2009,Australia,"Russian Federation",171,,,,
2009,Australia,Rwanda,15,,,,
2009,Australia,"Saudi Arabia",16,,,,
2009,Australia,Sudan,56,,,,
2009,Australia,Senegal,4,,,,
2009,Australia,Singapore,5,,,,
2009,Australia,"Solomon Islands",32,,,,
2009,Australia,"Sierra Leone",32,,,,
2009,Australia,"El Salvador",6,,,,
2009,Australia,Somalia,84,,,,
2009,Australia,"Serbia and Kosovo (S/RES/1244 (1999))",191,,,,
2009,Australia,Sweden,1,,,,
2009,Australia,"Syrian Arab Rep.",80,,,,
2009,Australia,Chad,2,,,,
2009,Australia,Togo,4,,,,
2009,Australia,Thailand,13,,,,
2009,Australia,Tibetan,7,,,,
2009,Australia,Tajikistan,1,,,,
2009,Australia,Turkmenistan,2,,,,
2009,Australia,Timor-Leste,7,,,,
2009,Australia,Tonga,3,,,,
2009,Australia,Tunisia,17,,,,
2009,Australia,Turkey,246,,,,
2009,Australia,"United Rep. of Tanzania",7,,,,
2009,Australia,Uganda,31,,,,
2009,Australia,Ukraine,52,,,,
2009,Australia,"United States of America",8,,,,
2009,Australia,Uzbekistan,24,,,,
2009,Australia,"Venezuela (Bolivarian Republic of)",7,,,,
2009,Australia,"Viet Nam",52,,,,
2009,Australia,Vanuatu,,,,,
2009,Australia,Samoa,,,,,
2009,Australia,Stateless,149,,,,
2009,Australia,Various/Unknown,237,,,,
2009,Australia,Yemen,6,,,,
2009,Australia,"South Africa",21,,,,
2009,Australia,Zambia,5,,,,
2009,Australia,Zimbabwe,564,,,,
2010,Australia,Afghanistan,5518,,,,
2010,Australia,Angola,3,,,,
2010,Australia,Albania,46,,,,
2010,Australia,"United Arab Emirates",2,,,,
2010,Australia,Argentina,1,,,,
2010,Australia,Armenia,7,,,,
2010,Australia,Azerbaijan,3,,,,
2010,Australia,Burundi,31,,,,
2010,Australia,Benin,1,,,,
2010,Australia,Bangladesh,252,,,,
2010,Australia,Bulgaria,3,,,,
2010,Australia,Bahrain,22,,,,
2010,Australia,"Bosnia and Herzegovina",6,15,,,
2010,Australia,Belarus,16,,,,
2010,Australia,Brazil,8,,,,
2010,Australia,"Brunei Darussalam",,,,,
2010,Australia,Bhutan,2,,,,
2010,Australia,"Central African Rep.",1,,,,
2010,Australia,Canada,1,,,,
2010,Australia,Switzerland,1,,,,
2010,Australia,Chile,1,,,,
2010,Australia,China,2201,,,,
2010,Australia,"Côte d'Ivoire",7,,,,
2010,Australia,Cameroon,51,,,,
2010,Australia,"Dem. Rep. of the Congo",27,,,,
2010,Australia,Congo,19,,,,
2010,Australia,"Cook Islands",,,,,
2010,Australia,Colombia,148,,,,
2010,Australia,Cuba,6,,,,
2010,Australia,"Czech Rep.",1,,,,
2010,Australia,Germany,1,,,,
2010,Australia,Djibouti,1,,,,
2010,Australia,Denmark,2,,,,
2010,Australia,"Dominican Rep.",,,,,
2010,Australia,Algeria,20,,,,
2010,Australia,Ecuador,4,,,,
2010,Australia,Egypt,350,,,,
2010,Australia,Eritrea,67,,,,
2010,Australia,Ethiopia,168,,,,
2010,Australia,Fiji,144,,,,
2010,Australia,France,4,,,,
2010,Australia,"United Kingdom",2,,,,
2010,Australia,Georgia,9,,,,
2010,Australia,Ghana,28,,,,
2010,Australia,Guinea,10,,,,
2010,Australia,Gambia,3,,,,
2010,Australia,Guinea-Bissau,1,,,,
2010,Australia,Greece,4,,,,
2010,Australia,Guyana,1,,,,
2010,Australia,Croatia,4,,,,
2010,Australia,Indonesia,231,,,,
2010,Australia,India,139,,,,
2010,Australia,Ireland,,,,,
2010,Australia,"Iran (Islamic Rep. of)",1327,,,,
2010,Australia,Iraq,3791,,,,
2010,Australia,Israel,31,,,,
2010,Australia,Italy,2,,,,
2010,Australia,Jamaica,,,,,
2010,Australia,Jordan,69,,,,
2010,Australia,Japan,1,,,,
2010,Australia,Kazakhstan,4,,,,
2010,Australia,Kenya,38,,,,
2010,Australia,Kyrgyzstan,21,,,,
2010,Australia,Cambodia,16,,,,
2010,Australia,"Rep. of Korea",24,,,,
2010,Australia,Kuwait,22,,,,
2010,Australia,"Lao People's Dem. Rep.",4,,,,
2010,Australia,Lebanon,209,,,,
2010,Australia,Liberia,18,,,,
2010,Australia,Libya,9,,,,
2010,Australia,"Sri Lanka",2373,,,,
2010,Australia,Lithuania,,,,,
2010,Australia,Latvia,6,,,,
2010,Australia,Morocco,13,,,,
2010,Australia,"The former Yugoslav Republic of Macedonia",,,,,
2010,Australia,Mali,3,,,,
2010,Australia,Malta,1,,,,
2010,Australia,Myanmar,444,,,,
2010,Australia,Mongolia,43,,,,
2010,Australia,Mozambique,1,,,,
2010,Australia,Mauritania,4,,,,
2010,Australia,Mauritius,,,,,
2010,Australia,Malawi,1,,,,
2010,Australia,Malaysia,43,,,,
2010,Australia,Niger,1,,,,
2010,Australia,Nigeria,101,,,,
2010,Australia,Netherlands,,,,,
2010,Australia,Nepal,154,,,,
2010,Australia,"New Zealand",1,,,,
2010,Australia,Pakistan,747,,,,
2010,Australia,Peru,6,,,,
2010,Australia,Philippines,14,,,,
2010,Australia,"Papua New Guinea",87,,,,
2010,Australia,Poland,1,,,,
2010,Australia,"Dem. People's Rep. of Korea",25,,,,
2010,Australia,Palestinian,172,,,,
2010,Australia,Romania,18,,,,
2010,Australia,"Russian Federation",118,,,,
2010,Australia,Rwanda,23,,,,
2010,Australia,"Saudi Arabia",22,,,,
2010,Australia,Sudan,57,,,,
2010,Australia,Senegal,4,,,,
2010,Australia,Singapore,5,,,,
2010,Australia,"Solomon Islands",32,,,,
2010,Australia,"Sierra Leone",33,,,,
2010,Australia,"El Salvador",5,,,,
2010,Australia,Somalia,74,,,,
2010,Australia,"Serbia and Kosovo (S/RES/1244 (1999))",93,,,,
2010,Australia,Sweden,1,,,,
2010,Australia,"Syrian Arab Rep.",68,,,,
2010,Australia,Chad,2,,,,
2010,Australia,Togo,4,,,,
2010,Australia,Thailand,13,,,,
2010,Australia,Tibetan,7,,,,
2010,Australia,Tajikistan,1,,,,
2010,Australia,Turkmenistan,2,,,,
2010,Australia,Timor-Leste,8,,,,
2010,Australia,Tonga,3,,,,
2010,Australia,Tunisia,15,,,,
2010,Australia,Turkey,224,,,,
2010,Australia,"United Rep. of Tanzania",11,,,,
2010,Australia,Uganda,33,,,,
2010,Australia,Ukraine,42,,,,
2010,Australia,"United States of America",8,,,,
2010,Australia,Uzbekistan,29,,,,
2010,Australia,"Venezuela (Bolivarian Republic of)",7,,,,
2010,Australia,"Viet Nam",52,,,,
2010,Australia,Vanuatu,1,,,,
2010,Australia,Samoa,1,,,,
2010,Australia,Stateless,347,,,,
2010,Australia,Various/Unknown,226,,,,
2010,Australia,Yemen,6,,,,
2010,Australia,"South Africa",25,,,,
2010,Australia,Zambia,5,,,,
2010,Australia,Zimbabwe,775,,,,
2011,Australia,Afghanistan,4826,,,,
2011,Australia,Angola,3,,,,
2011,Australia,Albania,51,,,,
2011,Australia,"United Arab Emirates",4,,,,
2011,Australia,Argentina,1,,,,
2011,Australia,Armenia,7,,,,
2011,Australia,Austria,,,,,
2011,Australia,Azerbaijan,3,,,,
2011,Australia,Burundi,27,,,,
2011,Australia,Benin,1,,,,
2011,Australia,Bangladesh,286,,,,
2011,Australia,Bulgaria,1,,,,
2011,Australia,Bahrain,62,,,,
2011,Australia,"Bosnia and Herzegovina",1,5,,,
2011,Australia,Belarus,8,,,,
2011,Australia,Brazil,7,,,,
2011,Australia,Bhutan,2,,,,
2011,Australia,Canada,,,,,
2011,Australia,Chile,1,,,,
2011,Australia,China,2494,,,,
2011,Australia,"Côte d'Ivoire",6,,,,
2011,Australia,Cameroon,52,,,,
2011,Australia,"Dem. Rep. of the Congo",25,,,,
2011,Australia,Congo,19,,,,
2011,Australia,Colombia,133,,,,
2011,Australia,Cuba,6,,,,
2011,Australia,"Czech Rep.",2,,,,
2011,Australia,Germany,,,,,
2011,Australia,Djibouti,,,,,
2011,Australia,Denmark,2,,,,
2011,Australia,Algeria,14,,,,
2011,Australia,Ecuador,5,,,,
2011,Australia,Egypt,573,,,,
2011,Australia,Eritrea,94,,,,
2011,Australia,Spain,,,,,
2011,Australia,Estonia,,,,,
2011,Australia,Ethiopia,178,,,,
2011,Australia,Fiji,213,,,,
2011,Australia,France,4,,,,
2011,Australia,"United Kingdom",2,,,,
2011,Australia,Georgia,6,,,,
2011,Australia,Ghana,28,,,,
2011,Australia,Guinea,9,,,,
2011,Australia,Gambia,3,,,,
2011,Australia,Greece,3,,,,
2011,Australia,Guyana,1,,,,
2011,Australia,"China, Hong Kong SAR",,,,,
2011,Australia,Croatia,4,,,,
2011,Australia,Indonesia,232,,,,
2011,Australia,India,162,,,,
2011,Australia,"Iran (Islamic Rep. of)",2286,,,,
2011,Australia,Iraq,3085,680,,,
2011,Australia,Israel,31,,,,
2011,Australia,Italy,2,,,,
2011,Australia,Jamaica,,,,,
2011,Australia,Jordan,66,,,,
2011,Australia,Japan,3,,,,
2011,Australia,Kazakhstan,8,,,,
2011,Australia,Kenya,43,,,,
2011,Australia,Kyrgyzstan,22,,,,
2011,Australia,Cambodia,22,,,,
2011,Australia,"Rep. of Korea",32,,,,
2011,Australia,Kuwait,34,,,,
2011,Australia,"Lao People's Dem. Rep.",4,,,,
2011,Australia,Lebanon,271,,,,
2011,Australia,Liberia,18,,,,
2011,Australia,Libya,28,,,,
2011,Australia,"Sri Lanka",2572,,,,
2011,Australia,Lithuania,,,,,
2011,Australia,Latvia,6,,,,
2011,Australia,"China, Macao SAR",,,,,
2011,Australia,Morocco,13,,,,
2011,Australia,Maldives,3,,,,
2011,Australia,Mexico,,,,,
2011,Australia,"The former Yugoslav Republic of Macedonia",,,,,
2011,Australia,Mali,2,,,,
2011,Australia,Malta,1,,,,
2011,Australia,Myanmar,514,,,,
2011,Australia,Mongolia,46,,,,
2011,Australia,Mozambique,5,,,,
2011,Australia,Mauritania,4,,,,
2011,Australia,Mauritius,,,,,
2011,Australia,Malaysia,49,,,,
2011,Australia,Niger,1,,,,
2011,Australia,Nigeria,106,,,,
2011,Australia,Netherlands,1,,,,
2011,Australia,Nepal,186,,,,
2011,Australia,"New Zealand",2,,,,
2011,Australia,Pakistan,1038,,,,
2011,Australia,Peru,6,,,,
2011,Australia,Philippines,19,,,,
2011,Australia,"Papua New Guinea",126,,,,
2011,Australia,Poland,1,,,,
2011,Australia,"Dem. People's Rep. of Korea",29,,,,
2011,Australia,Palestinian,165,,,,
2011,Australia,Romania,17,,,,
2011,Australia,"Russian Federation",103,,,,
2011,Australia,Rwanda,26,,,,
2011,Australia,"Saudi Arabia",26,,,,
2011,Australia,Sudan,49,,,,
2011,Australia,Senegal,4,,,,
2011,Australia,Singapore,,,,,
2011,Australia,"Solomon Islands",24,,,,
2011,Australia,"Sierra Leone",35,,,,
2011,Australia,"El Salvador",5,,,,
2011,Australia,Somalia,77,,,,
2011,Australia,"Serbia and Kosovo (S/RES/1244 (1999))",87,,,,
2011,Australia,Slovakia,,,,,
2011,Australia,Sweden,1,,,,
2011,Australia,Seychelles,,,,,
2011,Australia,"Syrian Arab Rep.",84,,,,
2011,Australia,Chad,2,,,,
2011,Australia,Togo,3,,,,
2011,Australia,Thailand,15,,,,
2011,Australia,Tibetan,7,,,,
2011,Australia,Tajikistan,1,,,,
2011,Australia,Turkmenistan,2,,,,
2011,Australia,Timor-Leste,8,,,,
2011,Australia,Tonga,7,,,,
2011,Australia,Tunisia,12,,,,
2011,Australia,Turkey,267,,,,
2011,Australia,"United Rep. of Tanzania",11,,,,
2011,Australia,Uganda,42,,,,
2011,Australia,Ukraine,40,,,,
2011,Australia,"United States of America",8,,,,
2011,Australia,Uzbekistan,31,,,,
2011,Australia,"Venezuela (Bolivarian Republic of)",9,,,,
2011,Australia,"Viet Nam",58,,,,
2011,Australia,Vanuatu,1,,,,
2011,Australia,Samoa,1,,,,
2011,Australia,Stateless,849,,,,
2011,Australia,Various/Unknown,183,,,,
2011,Australia,Yemen,4,,,,
2011,Australia,"South Africa",31,,,,
2011,Australia,Zambia,5,,,,
2011,Australia,Zimbabwe,888,,,,
2012,Australia,Afghanistan,7192,,,,
2012,Australia,Angola,2,,,,
2012,Australia,Albania,58,,,,
2012,Australia,"United Arab Emirates",4,,,,
2012,Australia,Argentina,1,,,,
2012,Australia,Armenia,4,,,,
2012,Australia,Australia,3,,,,
2012,Australia,Austria,,,,,
2012,Australia,Azerbaijan,3,,,,
2012,Australia,Burundi,28,,,,
2012,Australia,Belgium,,,,,
2012,Australia,Benin,1,,,,
2012,Australia,Bangladesh,334,,,,
2012,Australia,Bulgaria,1,,,,
2012,Australia,Bahrain,74,,,,
2012,Australia,"Bosnia and Herzegovina",1,3,,,
2012,Australia,Belarus,6,,,,
2012,Australia,Brazil,6,,,,
2012,Australia,Bhutan,2,,,,
2012,Australia,Botswana,,,,,
2012,Australia,Canada,,,,,
2012,Australia,Chile,1,,,,
2012,Australia,China,2678,,,,
2012,Australia,"Côte d'Ivoire",6,,,,
2012,Australia,Cameroon,52,,,,
2012,Australia,"Dem. Rep. of the Congo",30,,,,
2012,Australia,Congo,16,,,,
2012,Australia,Colombia,118,,,,
2012,Australia,Cuba,4,,,,
2012,Australia,"Czech Rep.",1,,,,
2012,Australia,Germany,2,,,,
2012,Australia,Djibouti,2,,,,
2012,Australia,Denmark,2,,,,
2012,Australia,Algeria,11,,,,
2012,Australia,Ecuador,5,,,,
2012,Australia,Egypt,810,,,,
2012,Australia,Eritrea,96,,,,
2012,Australia,Spain,,,,,
2012,Australia,Estonia,,,,,
2012,Australia,Ethiopia,189,,,,
2012,Australia,Fiji,279,,,,
2012,Australia,France,4,,,,
2012,Australia,"United Kingdom",2,,,,
2012,Australia,Georgia,6,,,,
2012,Australia,Ghana,28,,,,
2012,Australia,Guinea,8,,,,
2012,Australia,Gambia,3,,,,
2012,Australia,Greece,2,,,,
2012,Australia,Guatemala,,,,,
2012,Australia,"China, Hong Kong SAR",,,,,
2012,Australia,Croatia,3,,,,
2012,Australia,Indonesia,233,,,,
2012,Australia,India,196,,,,
2012,Australia,Ireland,,,,,
2012,Australia,"Iran (Islamic Rep. of)",3949,,,,
2012,Australia,Iraq,2821,660,,,
2012,Australia,Israel,36,,,,
2012,Australia,Italy,2,,,,
2012,Australia,Jamaica,,,,,
2012,Australia,Jordan,77,,,,
2012,Australia,Japan,3,,,,
2012,Australia,Kazakhstan,7,,,,
2012,Australia,Kenya,55,,,,
2012,Australia,Kyrgyzstan,11,,,,
2012,Australia,Cambodia,23,,,,
2012,Australia,"Rep. of Korea",37,,,,
2012,Australia,Kuwait,39,,,,
2012,Australia,"Lao People's Dem. Rep.",3,,,,
2012,Australia,Lebanon,315,,,,
2012,Australia,Liberia,16,,,,
2012,Australia,Libya,127,,,,
2012,Australia,"Sri Lanka",2866,,,,
2012,Australia,Lithuania,,,,,
2012,Australia,Latvia,6,,,,
2012,Australia,"China, Macao SAR",,,,,
2012,Australia,Morocco,18,,,,
2012,Australia,"Rep. of Moldova",,,,,
2012,Australia,Maldives,4,,,,
2012,Australia,Mexico,2,,,,
2012,Australia,"The former Yugoslav Republic of Macedonia",,,,,
2012,Australia,Mali,2,,,,
2012,Australia,Malta,1,,,,
2012,Australia,Myanmar,534,,,,
2012,Australia,Mongolia,49,,,,
2012,Australia,Mozambique,5,,,,
2012,Australia,Mauritania,1,,,,
2012,Australia,Mauritius,1,,,,
2012,Australia,Malawi,,,,,
2012,Australia,Malaysia,69,,,,
2012,Australia,Namibia,,,,,
2012,Australia,Niger,1,,,,
2012,Australia,Nigeria,116,,,,
2012,Australia,Netherlands,1,,,,
2012,Australia,Nepal,196,,,,
2012,Australia,"New Zealand",3,,,,
2012,Australia,Pakistan,1957,,,,
2012,Australia,Peru,2,,,,
2012,Australia,Philippines,29,,,,
2012,Australia,"Papua New Guinea",172,,,,
2012,Australia,Poland,1,,,,
2012,Australia,"Dem. People's Rep. of Korea",29,,,,
2012,Australia,Portugal,,,,,
2012,Australia,Palestinian,179,,,,
2012,Australia,Romania,14,,,,
2012,Australia,"Russian Federation",83,,,,
2012,Australia,Rwanda,27,,,,
2012,Australia,"Saudi Arabia",37,,,,
2012,Australia,Sudan,49,,,,
2012,Australia,Senegal,5,,,,
2012,Australia,Singapore,,,,,
2012,Australia,"Solomon Islands",16,,,,
2012,Australia,"Sierra Leone",33,,,,
2012,Australia,"El Salvador",5,,,,
2012,Australia,Somalia,66,,,,
2012,Australia,"Serbia and Kosovo (S/RES/1244 (1999))",80,,,,
2012,Australia,Sweden,1,,,,
2012,Australia,"Syrian Arab Rep.",204,,,,
2012,Australia,Chad,2,,,,
2012,Australia,Togo,3,,,,
2012,Australia,Thailand,17,,,,
2012,Australia,Tajikistan,2,,,,
2012,Australia,Turkmenistan,2,,,,
2012,Australia,Timor-Leste,8,,,,
2012,Australia,Tonga,11,,,,
2012,Australia,Tunisia,10,,,,
2012,Australia,Turkey,311,,,,
2012,Australia,Tuvalu,,,,,
2012,Australia,"United Rep. of Tanzania",9,,,,
2012,Australia,Uganda,43,,,,
2012,Australia,Ukraine,26,,,,
2012,Australia,Uruguay,,,,,
2012,Australia,"United States of America",9,,,,
2012,Australia,Uzbekistan,30,,,,
2012,Australia,"Venezuela (Bolivarian Republic of)",9,,,,
2012,Australia,"Viet Nam",88,,,,
2012,Australia,Vanuatu,1,,,,
2012,Australia,Samoa,1,,,,
2012,Australia,Stateless,1433,,,,
2012,Australia,Various/Unknown,178,,,,
2012,Australia,Yemen,7,,,,
2012,Australia,"South Africa",32,,,,
2012,Australia,Zambia,6,,,,
2012,Australia,Zimbabwe,953,,,,
2013,Australia,Afghanistan,8368,,,,
2013,Australia,Angola,2,,,,
2013,Australia,Albania,66,,,,
2013,Australia,"United Arab Emirates",4,,,,
2013,Australia,Argentina,1,,,,
2013,Australia,Armenia,4,,,,
2013,Australia,Australia,,,,,
2013,Australia,Azerbaijan,2,,,,
2013,Australia,Burundi,26,,,,
2013,Australia,Belgium,,,,,
2013,Australia,Benin,1,,,,
2013,Australia,Bangladesh,343,,,,
2013,Australia,Bulgaria,1,,,,
2013,Australia,Bahrain,82,,,,
2013,Australia,"Bosnia and Herzegovina",1,1,,,
2013,Australia,Belarus,4,,,,
2013,Australia,Brazil,3,,,,
2013,Australia,Bhutan,2,,,,
2013,Australia,Botswana,1,,,,
2013,Australia,Canada,,,,,
2013,Australia,Chile,1,,,,
2013,Australia,China,2820,,,,
2013,Australia,"Côte d'Ivoire",6,,,,
2013,Australia,Cameroon,52,,,,
2013,Australia,"Dem. Rep. of the Congo",28,,,,
2013,Australia,Congo,16,,,,
2013,Australia,Colombia,124,,,,
2013,Australia,"Costa Rica",,,,,
2013,Australia,Cuba,3,,,,
2013,Australia,"Czech Rep.",1,,,,
2013,Australia,Germany,2,,,,
2013,Australia,Djibouti,2,,,,
2013,Australia,Denmark,2,,,,
2013,Australia,Algeria,10,,,,
2013,Australia,Ecuador,3,,,,
2013,Australia,Egypt,1132,,,,
2013,Australia,Eritrea,91,,,,
2013,Australia,"Western Sahara",,,,,
2013,Australia,Estonia,,,,,
2013,Australia,Ethiopia,191,,,,
2013,Australia,Fiji,324,,,,
2013,Australia,France,4,,,,
2013,Australia,"United Kingdom",4,,,,
2013,Australia,Georgia,9,,,,
2013,Australia,Ghana,34,,,,
2013,Australia,Guinea,6,,,,
2013,Australia,Gambia,3,,,,
2013,Australia,Greece,2,,,,
2013,Australia,Guatemala,,,,,
2013,Australia,"China, Hong Kong SAR",,,,,
2013,Australia,Croatia,3,,,,
2013,Australia,Indonesia,233,,,,
2013,Australia,India,265,,,,
2013,Australia,Ireland,,,,,
2013,Australia,"Iran (Islamic Rep. of)",4596,,,,
2013,Australia,Iraq,2963,345,,,
2013,Australia,Israel,36,,,,
2013,Australia,Italy,2,,,,
2013,Australia,Jamaica,,,,,
2013,Australia,Jordan,90,,,,
2013,Australia,Japan,5,,,,
2013,Australia,Kazakhstan,4,,,,
2013,Australia,Kenya,58,,,,
2013,Australia,Kyrgyzstan,8,,,,
2013,Australia,Cambodia,23,,,,
2013,Australia,Kiribati,,,,,
2013,Australia,"Rep. of Korea",42,,,,
2013,Australia,Kuwait,41,,,,
2013,Australia,"Lao People's Dem. Rep.",2,,,,
2013,Australia,Lebanon,346,,,,
2013,Australia,Liberia,23,,,,
2013,Australia,Libya,309,,,,
2013,Australia,"Sri Lanka",3313,,,,
2013,Australia,Lithuania,,,,,
2013,Australia,Latvia,6,,,,
2013,Australia,Morocco,18,,,,
2013,Australia,"Rep. of Moldova",,,,,
2013,Australia,Maldives,4,,,,
2013,Australia,Mexico,3,,,,
2013,Australia,"The former Yugoslav Republic of Macedonia",,,,,
2013,Australia,Mali,2,,,,
2013,Australia,Malta,1,,,,
2013,Australia,Myanmar,513,,,,
2013,Australia,Mongolia,50,,,,
2013,Australia,Mozambique,5,,,,
2013,Australia,Mauritius,1,,,,
2013,Australia,Malawi,,,,,
2013,Australia,Malaysia,86,,,,
2013,Australia,Niger,2,,,,
2013,Australia,Nigeria,132,,,,
2013,Australia,Netherlands,2,,,,
2013,Australia,Norway,,,,,
2013,Australia,Nepal,197,,,,
2013,Australia,"New Zealand",4,,,,
2013,Australia,Oman,,,,,
2013,Australia,Pakistan,2608,,,,
2013,Australia,Peru,2,,,,
2013,Australia,Philippines,30,,,,
2013,Australia,"Papua New Guinea",219,,,,
2013,Australia,Poland,1,,,,
2013,Australia,"Dem. People's Rep. of Korea",30,,,,
2013,Australia,Portugal,,,,,
2013,Australia,Palestinian,238,,,,
2013,Australia,Romania,12,,,,
2013,Australia,"Russian Federation",66,,,,
2013,Australia,Rwanda,27,,,,
2013,Australia,"Saudi Arabia",49,,,,
2013,Australia,Sudan,56,,,,
2013,Australia,Senegal,6,,,,
2013,Australia,Singapore,,,,,
2013,Australia,"Solomon Islands",15,,,,
2013,Australia,"Sierra Leone",33,,,,
2013,Australia,"El Salvador",5,,,,
2013,Australia,Somalia,67,,,,
2013,Australia,"Serbia and Kosovo (S/RES/1244 (1999))",77,,,,
2013,Australia,"South Sudan",,,,,
2013,Australia,Sweden,1,,,,
2013,Australia,"Syrian Arab Rep.",265,,,,
2013,Australia,Chad,3,,,,
2013,Australia,Togo,3,,,,
2013,Australia,Thailand,16,,,,
2013,Australia,Tibetan,7,,,,
2013,Australia,Tajikistan,1,,,,
2013,Australia,Turkmenistan,2,,,,
2013,Australia,Timor-Leste,8,,,,
2013,Australia,Tonga,16,,,,
2013,Australia,Tunisia,6,,,,
2013,Australia,Turkey,349,,,,
2013,Australia,Tuvalu,,,,,
2013,Australia,"United Rep. of Tanzania",9,,,,
2013,Australia,Uganda,48,,,,
2013,Australia,Ukraine,20,,,,
2013,Australia,"United States of America",8,,,,
2013,Australia,Uzbekistan,29,,,,
2013,Australia,"Venezuela (Bolivarian Republic of)",9,,,,
2013,Australia,"Viet Nam",90,,,,
2013,Australia,Vanuatu,1,,,,
2013,Australia,Samoa,1,,,,
2013,Australia,Stateless,1689,,,,
2013,Australia,Various/Unknown,177,,,,
2013,Australia,Yemen,6,,,,
2013,Australia,"South Africa",32,,,,
2013,Australia,Zambia,6,,,,
2013,Australia,Zimbabwe,991,,,,
2014,Australia,Afghanistan,7675,0,0,0,0
2014,Australia,Angola,2,0,0,0,0
2014,Australia,Albania,65,0,0,0,0
2014,Australia,"United Arab Emirates",5,0,0,0,0
2014,Australia,Argentina,1,0,0,0,0
2014,Australia,Armenia,4,0,0,0,0
2014,Australia,Azerbaijan,2,0,0,0,0
2014,Australia,Burundi,27,0,0,0,0
2014,Australia,Belgium,0,0,0,0,0
2014,Australia,Benin,1,0,0,0,0
2014,Australia,Bangladesh,351,0,0,0,0
2014,Australia,Bulgaria,1,0,0,0,0
2014,Australia,Bahrain,91,0,0,0,0
2014,Australia,"Bosnia and Herzegovina",1,1,0,0,0
2014,Australia,Belarus,4,0,0,0,0
2014,Australia,Brazil,4,0,0,0,0
2014,Australia,Bhutan,2,0,0,0,0
2014,Australia,Botswana,1,0,0,0,0
2014,Australia,"Central African Rep.",1,0,0,0,0
2014,Australia,Canada,0,0,0,0,0
2014,Australia,Chile,1,0,0,0,0
2014,Australia,China,2883,0,0,0,0
2014,Australia,"Côte d'Ivoire",7,0,0,0,0
2014,Australia,Cameroon,52,0,0,0,0
2014,Australia,"Dem. Rep. of the Congo",30,0,0,0,0
2014,Australia,Congo,16,0,0,0,0
2014,Australia,Colombia,135,0,0,0,0
2014,Australia,Cuba,3,0,0,0,0
2014,Australia,"Czech Rep.",1,0,0,0,0
2014,Australia,Germany,5,0,0,0,0
2014,Australia,Djibouti,3,0,0,0,0
2014,Australia,Denmark,2,0,0,0,0
2014,Australia,Algeria,13,0,0,0,0
2014,Australia,Ecuador,3,0,0,0,0
2014,Australia,Egypt,1370,0,0,0,0
2014,Australia,Eritrea,109,0,0,0,0
2014,Australia,Estonia,0,0,0,0,0
2014,Australia,Ethiopia,229,0,0,0,0
2014,Australia,Fiji,359,0,0,0,0
2014,Australia,France,4,0,0,0,0
2014,Australia,"United Kingdom",4,0,0,0,0
2014,Australia,Georgia,10,0,0,0,0
2014,Australia,Ghana,32,0,0,0,0
2014,Australia,Guinea,7,0,0,0,0
2014,Australia,Gambia,3,0,0,0,0
2014,Australia,Greece,2,0,0,0,0
2014,Australia,Guatemala,1,0,0,0,0
2014,Australia,"China, Hong Kong SAR",0,0,0,0,0
2014,Australia,Croatia,3,0,0,0,0
2014,Australia,Indonesia,241,0,0,0,0
2014,Australia,India,314,0,0,0,0
2014,Australia,Ireland,0,0,0,0,0
2014,Australia,"Iran (Islamic Rep. of)",4900,0,0,0,0
2014,Australia,Iraq,3121,0,0,0,0
2014,Australia,Israel,31,0,0,0,0
2014,Australia,Italy,2,0,0,0,0
2014,Australia,Jamaica,0,0,0,0,0
2014,Australia,Jordan,106,0,0,0,0
2014,Australia,Japan,7,0,0,0,0
2014,Australia,Kazakhstan,4,0,0,0,0
2014,Australia,Kenya,68,0,0,0,0
2014,Australia,Kyrgyzstan,8,0,0,0,0
2014,Australia,Cambodia,25,0,0,0,0
2014,Australia,Kiribati,0,0,0,0,0
2014,Australia,"Rep. of Korea",44,0,0,0,0
2014,Australia,Kuwait,41,0,0,0,0
2014,Australia,"Lao People's Dem. Rep.",2,0,0,0,0
2014,Australia,Lebanon,393,0,0,0,0
2014,Australia,Liberia,24,0,0,0,0
2014,Australia,Libya,465,0,0,0,0
2014,Australia,"Sri Lanka",3387,0,0,0,0
2014,Australia,Latvia,6,0,0,0,0
2014,Australia,"China, Macao SAR",0,0,0,0,0
2014,Australia,Morocco,19,0,0,0,0
2014,Australia,"Rep. of Moldova",0,0,0,0,0
2014,Australia,Maldives,7,0,0,0,0
2014,Australia,Mexico,3,0,0,0,0
2014,Australia,"The former Yugoslav Republic of Macedonia",1,0,0,0,0
2014,Australia,Mali,2,0,0,0,0
2014,Australia,Malta,1,0,0,0,0
2014,Australia,Myanmar,515,0,0,0,0
2014,Australia,Mongolia,50,0,0,0,0
2014,Australia,Mozambique,5,0,0,0,0
2014,Australia,Mauritania,0,0,0,0,0
2014,Australia,Mauritius,4,0,0,0,0
2014,Australia,Malawi,0,0,0,0,0
2014,Australia,Malaysia,105,0,0,0,0
2014,Australia,Namibia,0,0,0,0,0
2014,Australia,Niger,2,0,0,0,0
2014,Australia,Nigeria,144,0,0,0,0
2014,Australia,Nicaragua,0,0,0,0,0
2014,Australia,Netherlands,2,0,0,0,0
2014,Australia,Nepal,205,0,0,0,0
2014,Australia,"New Zealand",5,0,0,0,0
2014,Australia,Oman,0,0,0,0,0
2014,Australia,Pakistan,3024,0,0,0,0
2014,Australia,Peru,2,0,0,0,0
2014,Australia,Philippines,31,0,0,0,0
2014,Australia,"Papua New Guinea",285,0,0,0,0
2014,Australia,Poland,1,0,0,0,0
2014,Australia,"Dem. People's Rep. of Korea",30,0,0,0,0
2014,Australia,Palestinian,246,0,0,0,0
2014,Australia,Romania,11,0,0,0,0
2014,Australia,"Russian Federation",66,0,0,0,0
2014,Australia,Rwanda,28,0,0,0,0
2014,Australia,"Saudi Arabia",61,0,0,0,0
2014,Australia,Sudan,59,0,0,0,0
2014,Australia,Senegal,6,0,0,0,0
2014,Australia,Singapore,0,0,0,0,0
2014,Australia,"Solomon Islands",19,0,0,0,0
2014,Australia,"Sierra Leone",37,0,0,0,0
2014,Australia,"El Salvador",5,0,0,0,0
2014,Australia,Somalia,73,0,0,0,0
2014,Australia,"Serbia and Kosovo (S/RES/1244 (1999))",21,0,0,0,0
2014,Australia,"South Sudan",0,0,0,0,0
2014,Australia,Sweden,1,0,0,0,0
2014,Australia,Seychelles,0,0,0,0,0
2014,Australia,"Syrian Arab Rep.",302,0,0,0,0
2014,Australia,Chad,3,0,0,0,0
2014,Australia,Togo,3,0,0,0,0
2014,Australia,Thailand,15,0,0,0,0
2014,Australia,Tibetan,8,0,0,0,0
2014,Australia,Tajikistan,1,0,0,0,0
2014,Australia,Turkmenistan,2,0,0,0,0
2014,Australia,Timor-Leste,8,0,0,0,0
2014,Australia,Tonga,19,0,0,0,0
2014,Australia,Tunisia,6,0,0,0,0
2014,Australia,Turkey,390,0,0,0,0
2014,Australia,Tuvalu,0,0,0,0,0
2014,Australia,"United Rep. of Tanzania",10,0,0,0,0
2014,Australia,Uganda,51,0,0,0,0
2014,Australia,Ukraine,22,0,0,0,0
2014,Australia,"United States of America",13,0,0,0,0
2014,Australia,Uzbekistan,30,0,0,0,0
2014,Australia,"Venezuela (Bolivarian Republic of)",9,0,0,0,0
2014,Australia,"Viet Nam",93,0,0,0,0
2014,Australia,Vanuatu,1,0,0,0,0
2014,Australia,Samoa,1,0,0,0,0
2014,Australia,Stateless,1710,0,0,0,0
2014,Australia,Various/Unknown,24,0,0,0,0
2014,Australia,Yemen,8,0,0,0,0
2014,Australia,"South Africa",35,0,0,0,0
2014,Australia,Zambia,8,0,0,0,0
2014,Australia,Zimbabwe,1020,0,0,0,0
2015,Australia,Afghanistan,7785,0,0,0,0
2015,Australia,Angola,2,0,0,0,0
2015,Australia,Albania,66,0,0,0,0
2015,Australia,Andorra,0,0,0,0,0
2015,Australia,"United Arab Emirates",5,0,0,0,0
2015,Australia,Argentina,1,0,0,0,0
2015,Australia,Armenia,3,0,0,0,0
2015,Australia,Azerbaijan,1,0,0,0,0
2015,Australia,Burundi,31,0,0,0,0
2015,Australia,Benin,1,0,0,0,0
2015,Australia,"Burkina Faso",0,0,0,0,0
2015,Australia,Bangladesh,380,0,0,0,0
2015,Australia,Bahrain,92,0,0,0,0
2015,Australia,"Bosnia and Herzegovina",0,0,0,0,0
2015,Australia,Belarus,3,0,0,0,0
2015,Australia,Brazil,4,0,0,0,0
2015,Australia,"Brunei Darussalam",0,0,0,0,0
2015,Australia,Bhutan,4,0,0,0,0
2015,Australia,Botswana,1,0,0,0,0
2015,Australia,"Central African Rep.",1,0,0,0,0
2015,Australia,Canada,0,0,0,0,0
2015,Australia,Chile,0,0,0,0,0
2015,Australia,China,2955,0,0,0,0
2015,Australia,"Côte d'Ivoire",7,0,0,0,0
2015,Australia,Cameroon,55,0,0,0,0
2015,Australia,"Dem. Rep. of the Congo",26,0,0,0,0
2015,Australia,Congo,12,0,0,0,0
2015,Australia,Colombia,132,0,0,0,0
2015,Australia,Cuba,2,0,0,0,0
2015,Australia,Cyprus,0,0,0,0,0
2015,Australia,"Czech Rep.",1,0,0,0,0
2015,Australia,Germany,5,0,0,0,0
2015,Australia,Djibouti,3,0,0,0,0
2015,Australia,Dominica,0,0,0,0,0
2015,Australia,Denmark,0,0,0,0,0
2015,Australia,Algeria,12,0,0,0,0
2015,Australia,Ecuador,2,0,0,0,0
2015,Australia,Egypt,1507,0,0,0,0
2015,Australia,Eritrea,105,0,0,0,0
2015,Australia,Spain,0,0,0,0,0
2015,Australia,Estonia,1,0,0,0,0
2015,Australia,Ethiopia,231,0,0,0,0
2015,Australia,Fiji,379,0,0,0,0
2015,Australia,France,4,0,0,0,0
2015,Australia,Gabon,0,0,0,0,0
2015,Australia,"United Kingdom",6,0,0,0,0
2015,Australia,Georgia,14,0,0,0,0
2015,Australia,Ghana,31,0,0,0,0
2015,Australia,Guinea,9,0,0,0,0
2015,Australia,Gambia,3,0,0,0,0
2015,Australia,Greece,3,0,0,0,0
2015,Australia,Guatemala,1,0,0,0,0
2015,Australia,"China, Hong Kong SAR",0,0,0,0,0
2015,Australia,Honduras,0,0,0,0,0
2015,Australia,Croatia,3,0,0,0,0
2015,Australia,Hungary,0,0,0,0,0
2015,Australia,Indonesia,226,0,0,0,0
2015,Australia,India,337,0,0,0,0
2015,Australia,Ireland,0,0,0,0,0
2015,Australia,"Iran (Islamic Rep. of)",5201,0,0,0,0
2015,Australia,Iraq,2925,0,0,0,0
2015,Australia,Israel,27,0,0,0,0
2015,Australia,Italy,5,0,0,0,0
2015,Australia,Jamaica,0,0,0,0,0
2015,Australia,Jordan,115,0,0,0,0
2015,Australia,Japan,7,0,0,0,0
2015,Australia,Kazakhstan,4,0,0,0,0
2015,Australia,Kenya,81,0,0,0,0
2015,Australia,Kyrgyzstan,9,0,0,0,0
2015,Australia,Cambodia,22,0,0,0,0
2015,Australia,Kiribati,0,0,0,0,0
2015,Australia,"Rep. of Korea",46,0,0,0,0
2015,Australia,Kuwait,41,0,0,0,0
2015,Australia,"Lao People's Dem. Rep.",4,0,0,0,0
2015,Australia,Lebanon,485,0,0,0,0
2015,Australia,Liberia,27,0,0,0,0
2015,Australia,Libya,626,0,0,0,0
2015,Australia,"Sri Lanka",3556,0,0,0,0
2015,Australia,Latvia,6,0,0,0,0
2015,Australia,"China, Macao SAR",0,0,0,0,0
2015,Australia,Morocco,19,0,0,0,0
2015,Australia,"Rep. of Moldova",0,0,0,0,0
2015,Australia,Maldives,10,0,0,0,0
2015,Australia,Mexico,4,0,0,0,0
2015,Australia,"The former Yugoslav Republic of Macedonia",4,0,0,0,0
2015,Australia,Mali,2,0,0,0,0
2015,Australia,Malta,0,0,0,0,0
2015,Australia,Myanmar,495,0,0,0,0
2015,Australia,Mongolia,46,0,0,0,0
2015,Australia,Mozambique,5,0,0,0,0
2015,Australia,Mauritius,7,0,0,0,0
2015,Australia,Malawi,0,0,0,0,0
2015,Australia,Malaysia,123,0,0,0,0
2015,Australia,Niger,2,0,0,0,0
2015,Australia,Nigeria,148,0,0,0,0
2015,Australia,Nicaragua,0,0,0,0,0
2015,Australia,Netherlands,2,0,0,0,0
2015,Australia,Nepal,199,0,0,0,0
2015,Australia,"New Zealand",8,0,0,0,0
2015,Australia,Oman,3,0,0,0,0
2015,Australia,Pakistan,3333,0,0,0,0
2015,Australia,Peru,6,0,0,0,0
2015,Australia,Philippines,34,0,0,0,0
2015,Australia,"Papua New Guinea",335,0,0,0,0
2015,Australia,Poland,1,0,0,0,0
2015,Australia,"Dem. People's Rep. of Korea",26,0,0,0,0
2015,Australia,Palestinian,249,0,0,0,0
2015,Australia,Qatar,0,0,0,0,0
2015,Australia,Romania,10,0,0,0,0
2015,Australia,"Russian Federation",56,0,0,0,0
2015,Australia,Rwanda,36,0,0,0,0
2015,Australia,"Saudi Arabia",70,0,0,0,0
2015,Australia,Sudan,58,0,0,0,0
2015,Australia,Senegal,4,0,0,0,0
2015,Australia,Singapore,0,0,0,0,0
2015,Australia,"Solomon Islands",22,0,0,0,0
2015,Australia,"Sierra Leone",38,0,0,0,0
2015,Australia,"El Salvador",4,0,0,0,0
2015,Australia,Somalia,71,0,0,0,0
2015,Australia,"Serbia and Kosovo (S/RES/1244 (1999))",10,0,0,0,0
2015,Australia,"South Sudan",0,0,0,0,0
2015,Australia,Slovenia,0,0,0,0,0
2015,Australia,Sweden,1,0,0,0,0
2015,Australia,Seychelles,0,0,0,0,0
2015,Australia,"Syrian Arab Rep.",301,0,0,0,0
2015,Australia,Chad,3,0,0,0,0
2015,Australia,Togo,3,0,0,0,0
2015,Australia,Thailand,15,0,0,0,0
2015,Australia,Tibetan,11,0,0,0,0
2015,Australia,Tajikistan,1,0,0,0,0
2015,Australia,Turkmenistan,2,0,0,0,0
2015,Australia,Timor-Leste,14,0,0,0,0
2015,Australia,Tonga,22,0,0,0,0
2015,Australia,Tunisia,6,0,0,0,0
2015,Australia,Turkey,413,0,0,0,0
2015,Australia,"United Rep. of Tanzania",12,0,0,0,0
2015,Australia,Uganda,50,0,0,0,0
2015,Australia,Ukraine,21,0,0,0,0
2015,Australia,Uruguay,0,0,0,0,0
2015,Australia,"United States of America",15,0,0,0,0
2015,Australia,Uzbekistan,26,0,0,0,0
2015,Australia,"Venezuela (Bolivarian Republic of)",9,0,0,0,0
2015,Australia,"Viet Nam",94,0,0,0,0
2015,Australia,Vanuatu,1,0,0,0,0
2015,Australia,Samoa,1,0,0,0,0
2015,Australia,Stateless,1727,0,0,0,0
2015,Australia,Various/Unknown,24,0,0,0,0
2015,Australia,Yemen,13,0,0,0,0
2015,Australia,"South Africa",35,0,0,0,0
2015,Australia,Zambia,9,0,0,0,0
2015,Australia,Zimbabwe,1009,0,0,0,0
2016,Australia,Afghanistan,9217,0,0,0,0
2016,Australia,Angola,*,0,0,0,0
2016,Australia,Albania,58,0,0,0,0
2016,Australia,Andorra,0,0,0,0,0
2016,Australia,"United Arab Emirates",5,0,0,0,0
2016,Australia,Argentina,*,0,0,0,0
2016,Australia,Armenia,*,0,0,0,0
2016,Australia,"American Samoa",0,0,0,0,0
2016,Australia,Azerbaijan,*,0,0,0,0
2016,Australia,Burundi,55,0,0,0,0
2016,Australia,Benin,*,0,0,0,0
2016,Australia,"Burkina Faso",0,0,0,0,0
2016,Australia,Bangladesh,413,0,0,0,0
2016,Australia,Bulgaria,0,0,0,0,0
2016,Australia,Bahrain,93,0,0,0,0
2016,Australia,Bahamas,0,0,0,0,0
2016,Australia,"Bosnia and Herzegovina",0,0,0,0,0
2016,Australia,Belarus,6,0,0,0,0
2016,Australia,Brazil,*,0,0,0,0
2016,Australia,"Brunei Darussalam",0,0,0,0,0
2016,Australia,Bhutan,*,0,0,0,0
2016,Australia,Botswana,*,0,0,0,0
2016,Australia,"Central African Rep.",*,0,0,0,0
2016,Australia,Canada,0,0,0,0,0
2016,Australia,Chile,0,0,0,0,0
2016,Australia,China,2815,0,0,0,0
2016,Australia,"Côte d'Ivoire",5,0,0,0,0
2016,Australia,Cameroon,42,0,0,0,0
2016,Australia,"Dem. Rep. of the Congo",40,0,0,0,0
2016,Australia,Congo,12,0,0,0,0
2016,Australia,Colombia,125,0,0,0,0
2016,Australia,Cuba,*,0,0,0,0
2016,Australia,Cyprus,0,0,0,0,0
2016,Australia,"Czech Rep.",*,0,0,0,0
2016,Australia,Germany,5,0,0,0,0
2016,Australia,Djibouti,*,0,0,0,0
2016,Australia,Dominica,0,0,0,0,0
2016,Australia,Algeria,10,0,0,0,0
2016,Australia,Ecuador,*,0,0,0,0
2016,Australia,Egypt,1550,0,0,0,0
2016,Australia,Eritrea,118,0,0,0,0
2016,Australia,Spain,0,0,0,0,0
2016,Australia,Estonia,*,0,0,0,0
2016,Australia,Ethiopia,257,0,0,0,0
2016,Australia,Fiji,414,0,0,0,0
2016,Australia,France,*,0,0,0,0
2016,Australia,Gabon,0,0,0,0,0
2016,Australia,"United Kingdom",5,0,0,0,0
2016,Australia,Georgia,13,0,0,0,0
2016,Australia,Ghana,28,0,0,0,0
2016,Australia,Guinea,11,0,0,0,0
2016,Australia,Gambia,9,0,0,0,0
2016,Australia,Greece,6,0,0,0,0
2016,Australia,Guatemala,*,0,0,0,0
2016,Australia,"China, Hong Kong SAR",*,0,0,0,0
2016,Australia,Honduras,*,0,0,0,0
2016,Australia,Croatia,*,0,0,0,0
2016,Australia,Haiti,0,0,0,0,0
2016,Australia,Hungary,0,0,0,0,0
2016,Australia,Indonesia,193,0,0,0,0
2016,Australia,India,389,0,0,0,0
2016,Australia,Ireland,0,0,0,0,0
2016,Australia,"Iran (Islamic Rep. of)",6128,0,0,0,0
2016,Australia,Iraq,3437,0,0,0,0
2016,Australia,Israel,20,0,0,0,0
2016,Australia,Italy,5,0,0,0,0
2016,Australia,Jamaica,*,0,0,0,0
2016,Australia,Jordan,141,0,0,0,0
2016,Australia,Japan,10,0,0,0,0
2016,Australia,Kazakhstan,*,0,0,0,0
2016,Australia,Kenya,106,0,0,0,0
2016,Australia,Kyrgyzstan,13,0,0,0,0
2016,Australia,Cambodia,32,0,0,0,0
2016,Australia,"Rep. of Korea",46,0,0,0,0
2016,Australia,Kuwait,49,0,0,0,0
2016,Australia,"Lao People's Dem. Rep.",*,0,0,0,0
2016,Australia,Lebanon,529,0,0,0,0
2016,Australia,Liberia,35,0,0,0,0
2016,Australia,Libya,877,0,0,0,0
2016,Australia,"Sri Lanka",4236,0,0,0,0
2016,Australia,Latvia,*,0,0,0,0
2016,Australia,Morocco,13,0,0,0,0
2016,Australia,Madagascar,0,0,0,0,0
2016,Australia,Maldives,10,0,0,0,0
2016,Australia,Mexico,10,0,0,0,0
2016,Australia,"The former Yugoslav Republic of Macedonia",*,0,0,0,0
2016,Australia,Mali,*,0,0,0,0
2016,Australia,Myanmar,504,0,0,0,0
2016,Australia,Mongolia,36,0,0,0,0
2016,Australia,Mozambique,5,0,0,0,0
2016,Australia,Mauritania,0,0,0,0,0
2016,Australia,Mauritius,7,0,0,0,0
2016,Australia,Malawi,0,0,0,0,0
2016,Australia,Malaysia,174,0,0,0,0
2016,Australia,Niger,*,0,0,0,0
2016,Australia,Nigeria,178,0,0,0,0
2016,Australia,Nicaragua,0,0,0,0,0
2016,Australia,Netherlands,*,0,0,0,0
2016,Australia,Norway,0,0,0,0,0
2016,Australia,Nepal,200,0,0,0,0
2016,Australia,"New Zealand",17,0,0,0,0
2016,Australia,Oman,*,0,0,0,0
2016,Australia,Pakistan,3844,0,0,0,0
2016,Australia,Peru,6,0,0,0,0
2016,Australia,Philippines,44,0,0,0,0
2016,Australia,"Papua New Guinea",391,0,0,0,0
2016,Australia,Poland,*,0,0,0,0
2016,Australia,"Dem. People's Rep. of Korea",22,0,0,0,0
2016,Australia,Palestinian,299,0,0,0,0
2016,Australia,Qatar,0,0,0,0,0
2016,Australia,Romania,8,0,0,0,0
2016,Australia,"Russian Federation",56,0,0,0,0
2016,Australia,Rwanda,61,0,0,0,0
2016,Australia,"Saudi Arabia",82,0,0,0,0
2016,Australia,Sudan,85,0,0,0,0
2016,Australia,Senegal,*,0,0,0,0
2016,Australia,Singapore,*,0,0,0,0
2016,Australia,"Solomon Islands",21,0,0,0,0
2016,Australia,"Sierra Leone",29,0,0,0,0
2016,Australia,"El Salvador",10,0,0,0,0
2016,Australia,Somalia,89,0,0,0,0
2016,Australia,"Serbia and Kosovo (S/RES/1244 (1999))",8,0,0,0,0
2016,Australia,"South Sudan",6,0,0,0,0
2016,Australia,Sweden,*,0,0,0,0
2016,Australia,Seychelles,0,0,0,0,0
2016,Australia,"Syrian Arab Rep.",378,0,0,0,0
2016,Australia,Chad,*,0,0,0,0
2016,Australia,Togo,*,0,0,0,0
2016,Australia,Thailand,9,0,0,0,0
2016,Australia,Tibetan,17,0,0,0,0
2016,Australia,Tajikistan,*,0,0,0,0
2016,Australia,Turkmenistan,*,0,0,0,0
2016,Australia,Timor-Leste,14,0,0,0,0
2016,Australia,Tonga,25,0,0,0,0
2016,Australia,Tunisia,7,0,0,0,0
2016,Australia,Turkey,449,0,0,0,0
2016,Australia,"United Rep. of Tanzania",14,0,0,0,0
2016,Australia,Uganda,62,0,0,0,0
2016,Australia,Ukraine,20,0,0,0,0
2016,Australia,Uruguay,0,0,0,0,0
2016,Australia,"United States of America",20,0,0,0,0
2016,Australia,Uzbekistan,30,0,0,0,0
2016,Australia,"Venezuela (Bolivarian Republic of)",15,0,0,0,0
2016,Australia,"Viet Nam",126,0,0,0,0
2016,Australia,Vanuatu,*,0,0,0,0
2016,Australia,Samoa,*,0,0,0,0
2016,Australia,Stateless,2039,0,0,0,0
2016,Australia,Various/Unknown,22,0,0,0,0
2016,Australia,Yemen,18,0,0,0,0
2016,Australia,"South Africa",38,0,0,0,0
2016,Australia,Zambia,10,0,0,0,0
2016,Australia,Zimbabwe,1021,0,0,0,0
